analysis	network	component	condition_contrast	design_contrast	direction	inference	design_con_valid	group_input_exists	expected_participants	group_input_volumes	group_input_complete	completion_marker_exists	tstat_exists	corrp_exists	peak_corrp	peak_gt_threshold	status	corrp_file	copied_image	copied_sidecar
0	dmn	23	both-minus-sham	C1	positive	tfce	true	true	27	27	true	true	true	true	0.4586	false	ok	derivatives/fsl/dual-regression_denoised_dim-00_task-rest.dr/contrasts/component-0023_stat-beta/randomise/network-dmn/task-rest_network-dmn_component-0023_stat-beta_contrast-both-minus-sham_tfce_corrp_tstat1.nii.gz		
0	dmn	23	both-minus-sham	C1	positive	cluster-extent	true	true	27	27	true	true	true	true	0.041	false	ok	derivatives/fsl/dual-regression_denoised_dim-00_task-rest.dr/contrasts/component-0023_stat-beta/randomise/network-dmn/task-rest_network-dmn_component-0023_stat-beta_contrast-both-minus-sham_clustere_corrp_tstat1.nii.gz		
0	dmn	23	both-minus-sham	C2	negative	tfce	true	true	27	27	true	true	true	true	0.4818	false	ok	derivatives/fsl/dual-regression_denoised_dim-00_task-rest.dr/contrasts/component-0023_stat-beta/randomise/network-dmn/task-rest_network-dmn_component-0023_stat-beta_contrast-both-minus-sham_tfce_corrp_tstat2.nii.gz		
0	dmn	23	both-minus-sham	C2	negative	cluster-extent	true	true	27	27	true	true	true	true	0.3386	false	ok	derivatives/fsl/dual-regression_denoised_dim-00_task-rest.dr/contrasts/component-0023_stat-beta/randomise/network-dmn/task-rest_network-dmn_component-0023_stat-beta_contrast-both-minus-sham_clustere_corrp_tstat2.nii.gz		
0	dmn	23	both-minus-rtpj	C1	positive	tfce	true	true	27	27	true	true	true	true	0.4614	false	ok	derivatives/fsl/dual-regression_denoised_dim-00_task-rest.dr/contrasts/component-0023_stat-beta/randomise/network-dmn/task-rest_network-dmn_component-0023_stat-beta_contrast-both-minus-rtpj_tfce_corrp_tstat1.nii.gz		
0	dmn	23	both-minus-rtpj	C1	positive	cluster-extent	true	true	27	27	true	true	true	true	0.0346	false	ok	derivatives/fsl/dual-regression_denoised_dim-00_task-rest.dr/contrasts/component-0023_stat-beta/randomise/network-dmn/task-rest_network-dmn_component-0023_stat-beta_contrast-both-minus-rtpj_clustere_corrp_tstat1.nii.gz		
0	dmn	23	both-minus-rtpj	C2	negative	tfce	true	true	27	27	true	true	true	true	0.6384	false	ok	derivatives/fsl/dual-regression_denoised_dim-00_task-rest.dr/contrasts/component-0023_stat-beta/randomise/network-dmn/task-rest_network-dmn_component-0023_stat-beta_contrast-both-minus-rtpj_tfce_corrp_tstat2.nii.gz		
0	dmn	23	both-minus-rtpj	C2	negative	cluster-extent	true	true	27	27	true	true	true	true	0.3114	false	ok	derivatives/fsl/dual-regression_denoised_dim-00_task-rest.dr/contrasts/component-0023_stat-beta/randomise/network-dmn/task-rest_network-dmn_component-0023_stat-beta_contrast-both-minus-rtpj_clustere_corrp_tstat2.nii.gz		
0	dmn	23	both-minus-vlpfc	C1	positive	tfce	true	true	27	27	true	true	true	true	0.2726	false	ok	derivatives/fsl/dual-regression_denoised_dim-00_task-rest.dr/contrasts/component-0023_stat-beta/randomise/network-dmn/task-rest_network-dmn_component-0023_stat-beta_contrast-both-minus-vlpfc_tfce_corrp_tstat1.nii.gz		
0	dmn	23	both-minus-vlpfc	C1	positive	cluster-extent	true	true	27	27	true	true	true	true	0.3418	false	ok	derivatives/fsl/dual-regression_denoised_dim-00_task-rest.dr/contrasts/component-0023_stat-beta/randomise/network-dmn/task-rest_network-dmn_component-0023_stat-beta_contrast-both-minus-vlpfc_clustere_corrp_tstat1.nii.gz		
0	dmn	23	both-minus-vlpfc	C2	negative	tfce	true	true	27	27	true	true	true	true	0.8614	false	ok	derivatives/fsl/dual-regression_denoised_dim-00_task-rest.dr/contrasts/component-0023_stat-beta/randomise/network-dmn/task-rest_network-dmn_component-0023_stat-beta_contrast-both-minus-vlpfc_tfce_corrp_tstat2.nii.gz		
0	dmn	23	both-minus-vlpfc	C2	negative	cluster-extent	true	true	27	27	true	true	true	true	0.8768	false	ok	derivatives/fsl/dual-regression_denoised_dim-00_task-rest.dr/contrasts/component-0023_stat-beta/randomise/network-dmn/task-rest_network-dmn_component-0023_stat-beta_contrast-both-minus-vlpfc_clustere_corrp_tstat2.nii.gz		
0	dmn	23	rtpj-minus-vlpfc	C1	positive	tfce	true	true	27	27	true	true	true	true	0.011	false	ok	derivatives/fsl/dual-regression_denoised_dim-00_task-rest.dr/contrasts/component-0023_stat-beta/randomise/network-dmn/task-rest_network-dmn_component-0023_stat-beta_contrast-rtpj-minus-vlpfc_tfce_corrp_tstat1.nii.gz		
0	dmn	23	rtpj-minus-vlpfc	C1	positive	cluster-extent	true	true	27	27	true	true	true	true	0.3248	false	ok	derivatives/fsl/dual-regression_denoised_dim-00_task-rest.dr/contrasts/component-0023_stat-beta/randomise/network-dmn/task-rest_network-dmn_component-0023_stat-beta_contrast-rtpj-minus-vlpfc_clustere_corrp_tstat1.nii.gz		
0	dmn	23	rtpj-minus-vlpfc	C2	negative	tfce	true	true	27	27	true	true	true	true	0.9536	true	ok	derivatives/fsl/dual-regression_denoised_dim-00_task-rest.dr/contrasts/component-0023_stat-beta/randomise/network-dmn/task-rest_network-dmn_component-0023_stat-beta_contrast-rtpj-minus-vlpfc_tfce_corrp_tstat2.nii.gz	derivatives/fsl/randomise_summary/task-rest_space-MNI152NLin6Asym_desc-dim00DmnComp0023RtpjMinusVlpfcNegativeTfceCorrp_stat-corrp_statmap.nii.gz	derivatives/fsl/randomise_summary/task-rest_space-MNI152NLin6Asym_desc-dim00DmnComp0023RtpjMinusVlpfcNegativeTfceCorrp_stat-corrp_statmap.json
0	dmn	23	rtpj-minus-vlpfc	C2	negative	cluster-extent	true	true	27	27	true	true	true	true	0.9934	true	ok	derivatives/fsl/dual-regression_denoised_dim-00_task-rest.dr/contrasts/component-0023_stat-beta/randomise/network-dmn/task-rest_network-dmn_component-0023_stat-beta_contrast-rtpj-minus-vlpfc_clustere_corrp_tstat2.nii.gz	derivatives/fsl/randomise_summary/task-rest_space-MNI152NLin6Asym_desc-dim00DmnComp0023RtpjMinusVlpfcNegativeClusterExtentCorrp_stat-corrp_statmap.nii.gz	derivatives/fsl/randomise_summary/task-rest_space-MNI152NLin6Asym_desc-dim00DmnComp0023RtpjMinusVlpfcNegativeClusterExtentCorrp_stat-corrp_statmap.json
0	dmn	23	rtpj-minus-sham	C1	positive	tfce	true	true	27	27	true	true	true	true	0.0312	false	ok	derivatives/fsl/dual-regression_denoised_dim-00_task-rest.dr/contrasts/component-0023_stat-beta/randomise/network-dmn/task-rest_network-dmn_component-0023_stat-beta_contrast-rtpj-minus-sham_tfce_corrp_tstat1.nii.gz		
0	dmn	23	rtpj-minus-sham	C1	positive	cluster-extent	true	true	27	27	true	true	true	true	0.3154	false	ok	derivatives/fsl/dual-regression_denoised_dim-00_task-rest.dr/contrasts/component-0023_stat-beta/randomise/network-dmn/task-rest_network-dmn_component-0023_stat-beta_contrast-rtpj-minus-sham_clustere_corrp_tstat1.nii.gz		
0	dmn	23	rtpj-minus-sham	C2	negative	tfce	true	true	27	27	true	true	true	true	0.3382	false	ok	derivatives/fsl/dual-regression_denoised_dim-00_task-rest.dr/contrasts/component-0023_stat-beta/randomise/network-dmn/task-rest_network-dmn_component-0023_stat-beta_contrast-rtpj-minus-sham_tfce_corrp_tstat2.nii.gz		
0	dmn	23	rtpj-minus-sham	C2	negative	cluster-extent	true	true	27	27	true	true	true	true	0.6864	false	ok	derivatives/fsl/dual-regression_denoised_dim-00_task-rest.dr/contrasts/component-0023_stat-beta/randomise/network-dmn/task-rest_network-dmn_component-0023_stat-beta_contrast-rtpj-minus-sham_clustere_corrp_tstat2.nii.gz		
0	dmn	23	vlpfc-minus-sham	C1	positive	tfce	true	true	27	27	true	true	true	true	0.277	false	ok	derivatives/fsl/dual-regression_denoised_dim-00_task-rest.dr/contrasts/component-0023_stat-beta/randomise/network-dmn/task-rest_network-dmn_component-0023_stat-beta_contrast-vlpfc-minus-sham_tfce_corrp_tstat1.nii.gz		
0	dmn	23	vlpfc-minus-sham	C1	positive	cluster-extent	true	true	27	27	true	true	true	true	0.3462	false	ok	derivatives/fsl/dual-regression_denoised_dim-00_task-rest.dr/contrasts/component-0023_stat-beta/randomise/network-dmn/task-rest_network-dmn_component-0023_stat-beta_contrast-vlpfc-minus-sham_clustere_corrp_tstat1.nii.gz		
0	dmn	23	vlpfc-minus-sham	C2	negative	tfce	true	true	27	27	true	true	true	true	0.276	false	ok	derivatives/fsl/dual-regression_denoised_dim-00_task-rest.dr/contrasts/component-0023_stat-beta/randomise/network-dmn/task-rest_network-dmn_component-0023_stat-beta_contrast-vlpfc-minus-sham_tfce_corrp_tstat2.nii.gz		
0	dmn	23	vlpfc-minus-sham	C2	negative	cluster-extent	true	true	27	27	true	true	true	true	0.3548	false	ok	derivatives/fsl/dual-regression_denoised_dim-00_task-rest.dr/contrasts/component-0023_stat-beta/randomise/network-dmn/task-rest_network-dmn_component-0023_stat-beta_contrast-vlpfc-minus-sham_clustere_corrp_tstat2.nii.gz		
0	dmn	23	both-minus-mean-rtpj-vlpfc	C1	positive	tfce	true	true	27	27	true	true	true	true	0.6932	false	ok	derivatives/fsl/dual-regression_denoised_dim-00_task-rest.dr/contrasts/component-0023_stat-beta/randomise/network-dmn/task-rest_network-dmn_component-0023_stat-beta_contrast-both-minus-mean-rtpj-vlpfc_tfce_corrp_tstat1.nii.gz		
0	dmn	23	both-minus-mean-rtpj-vlpfc	C1	positive	cluster-extent	true	true	27	27	true	true	true	true	0.0362	false	ok	derivatives/fsl/dual-regression_denoised_dim-00_task-rest.dr/contrasts/component-0023_stat-beta/randomise/network-dmn/task-rest_network-dmn_component-0023_stat-beta_contrast-both-minus-mean-rtpj-vlpfc_clustere_corrp_tstat1.nii.gz		
0	dmn	23	both-minus-mean-rtpj-vlpfc	C2	negative	tfce	true	true	27	27	true	true	true	true	0.9034	false	ok	derivatives/fsl/dual-regression_denoised_dim-00_task-rest.dr/contrasts/component-0023_stat-beta/randomise/network-dmn/task-rest_network-dmn_component-0023_stat-beta_contrast-both-minus-mean-rtpj-vlpfc_tfce_corrp_tstat2.nii.gz		
0	dmn	23	both-minus-mean-rtpj-vlpfc	C2	negative	cluster-extent	true	true	27	27	true	true	true	true	0.6892	false	ok	derivatives/fsl/dual-regression_denoised_dim-00_task-rest.dr/contrasts/component-0023_stat-beta/randomise/network-dmn/task-rest_network-dmn_component-0023_stat-beta_contrast-both-minus-mean-rtpj-vlpfc_clustere_corrp_tstat2.nii.gz		
0	ecn	16	both-minus-sham	C1	positive	tfce	true	true	27	27	true	true	true	true	0.526	false	ok	derivatives/fsl/dual-regression_denoised_dim-00_task-rest.dr/contrasts/component-0016_stat-beta/randomise/network-ecn/task-rest_network-ecn_component-0016_stat-beta_contrast-both-minus-sham_tfce_corrp_tstat1.nii.gz		
0	ecn	16	both-minus-sham	C1	positive	cluster-extent	true	true	27	27	true	true	true	true	0.3812	false	ok	derivatives/fsl/dual-regression_denoised_dim-00_task-rest.dr/contrasts/component-0016_stat-beta/randomise/network-ecn/task-rest_network-ecn_component-0016_stat-beta_contrast-both-minus-sham_clustere_corrp_tstat1.nii.gz		
0	ecn	16	both-minus-sham	C2	negative	tfce	true	true	27	27	true	true	true	true	0.1904	false	ok	derivatives/fsl/dual-regression_denoised_dim-00_task-rest.dr/contrasts/component-0016_stat-beta/randomise/network-ecn/task-rest_network-ecn_component-0016_stat-beta_contrast-both-minus-sham_tfce_corrp_tstat2.nii.gz		
0	ecn	16	both-minus-sham	C2	negative	cluster-extent	true	true	27	27	true	true	true	true	0.7326	false	ok	derivatives/fsl/dual-regression_denoised_dim-00_task-rest.dr/contrasts/component-0016_stat-beta/randomise/network-ecn/task-rest_network-ecn_component-0016_stat-beta_contrast-both-minus-sham_clustere_corrp_tstat2.nii.gz		
0	ecn	16	both-minus-rtpj	C1	positive	tfce	true	true	27	27	true	true	true	true	0.7008	false	ok	derivatives/fsl/dual-regression_denoised_dim-00_task-rest.dr/contrasts/component-0016_stat-beta/randomise/network-ecn/task-rest_network-ecn_component-0016_stat-beta_contrast-both-minus-rtpj_tfce_corrp_tstat1.nii.gz		
0	ecn	16	both-minus-rtpj	C1	positive	cluster-extent	true	true	27	27	true	true	true	true	0.6956	false	ok	derivatives/fsl/dual-regression_denoised_dim-00_task-rest.dr/contrasts/component-0016_stat-beta/randomise/network-ecn/task-rest_network-ecn_component-0016_stat-beta_contrast-both-minus-rtpj_clustere_corrp_tstat1.nii.gz		
0	ecn	16	both-minus-rtpj	C2	negative	tfce	true	true	27	27	true	true	true	true	0.1604	false	ok	derivatives/fsl/dual-regression_denoised_dim-00_task-rest.dr/contrasts/component-0016_stat-beta/randomise/network-ecn/task-rest_network-ecn_component-0016_stat-beta_contrast-both-minus-rtpj_tfce_corrp_tstat2.nii.gz		
0	ecn	16	both-minus-rtpj	C2	negative	cluster-extent	true	true	27	27	true	true	true	true	0.3408	false	ok	derivatives/fsl/dual-regression_denoised_dim-00_task-rest.dr/contrasts/component-0016_stat-beta/randomise/network-ecn/task-rest_network-ecn_component-0016_stat-beta_contrast-both-minus-rtpj_clustere_corrp_tstat2.nii.gz		
0	ecn	16	both-minus-vlpfc	C1	positive	tfce	true	true	27	27	true	true	true	true	0.7484	false	ok	derivatives/fsl/dual-regression_denoised_dim-00_task-rest.dr/contrasts/component-0016_stat-beta/randomise/network-ecn/task-rest_network-ecn_component-0016_stat-beta_contrast-both-minus-vlpfc_tfce_corrp_tstat1.nii.gz		
0	ecn	16	both-minus-vlpfc	C1	positive	cluster-extent	true	true	27	27	true	true	true	true	0.3438	false	ok	derivatives/fsl/dual-regression_denoised_dim-00_task-rest.dr/contrasts/component-0016_stat-beta/randomise/network-ecn/task-rest_network-ecn_component-0016_stat-beta_contrast-both-minus-vlpfc_clustere_corrp_tstat1.nii.gz		
0	ecn	16	both-minus-vlpfc	C2	negative	tfce	true	true	27	27	true	true	true	true	0.6166	false	ok	derivatives/fsl/dual-regression_denoised_dim-00_task-rest.dr/contrasts/component-0016_stat-beta/randomise/network-ecn/task-rest_network-ecn_component-0016_stat-beta_contrast-both-minus-vlpfc_tfce_corrp_tstat2.nii.gz		
0	ecn	16	both-minus-vlpfc	C2	negative	cluster-extent	true	true	27	27	true	true	true	true	0.6858	false	ok	derivatives/fsl/dual-regression_denoised_dim-00_task-rest.dr/contrasts/component-0016_stat-beta/randomise/network-ecn/task-rest_network-ecn_component-0016_stat-beta_contrast-both-minus-vlpfc_clustere_corrp_tstat2.nii.gz		
0	ecn	16	rtpj-minus-vlpfc	C1	positive	tfce	true	true	27	27	true	true	true	true	0.3758	false	ok	derivatives/fsl/dual-regression_denoised_dim-00_task-rest.dr/contrasts/component-0016_stat-beta/randomise/network-ecn/task-rest_network-ecn_component-0016_stat-beta_contrast-rtpj-minus-vlpfc_tfce_corrp_tstat1.nii.gz		
0	ecn	16	rtpj-minus-vlpfc	C1	positive	cluster-extent	true	true	27	27	true	true	true	true	0.707	false	ok	derivatives/fsl/dual-regression_denoised_dim-00_task-rest.dr/contrasts/component-0016_stat-beta/randomise/network-ecn/task-rest_network-ecn_component-0016_stat-beta_contrast-rtpj-minus-vlpfc_clustere_corrp_tstat1.nii.gz		
0	ecn	16	rtpj-minus-vlpfc	C2	negative	tfce	true	true	27	27	true	true	true	true	0.2708	false	ok	derivatives/fsl/dual-regression_denoised_dim-00_task-rest.dr/contrasts/component-0016_stat-beta/randomise/network-ecn/task-rest_network-ecn_component-0016_stat-beta_contrast-rtpj-minus-vlpfc_tfce_corrp_tstat2.nii.gz		
0	ecn	16	rtpj-minus-vlpfc	C2	negative	cluster-extent	true	true	27	27	true	true	true	true	0	false	ok	derivatives/fsl/dual-regression_denoised_dim-00_task-rest.dr/contrasts/component-0016_stat-beta/randomise/network-ecn/task-rest_network-ecn_component-0016_stat-beta_contrast-rtpj-minus-vlpfc_clustere_corrp_tstat2.nii.gz		
0	ecn	16	rtpj-minus-sham	C1	positive	tfce	true	true	27	27	true	true	true	true	0.773	false	ok	derivatives/fsl/dual-regression_denoised_dim-00_task-rest.dr/contrasts/component-0016_stat-beta/randomise/network-ecn/task-rest_network-ecn_component-0016_stat-beta_contrast-rtpj-minus-sham_tfce_corrp_tstat1.nii.gz		
0	ecn	16	rtpj-minus-sham	C1	positive	cluster-extent	true	true	27	27	true	true	true	true	0.0446	false	ok	derivatives/fsl/dual-regression_denoised_dim-00_task-rest.dr/contrasts/component-0016_stat-beta/randomise/network-ecn/task-rest_network-ecn_component-0016_stat-beta_contrast-rtpj-minus-sham_clustere_corrp_tstat1.nii.gz		
0	ecn	16	rtpj-minus-sham	C2	negative	tfce	true	true	27	27	true	true	true	true	0.199	false	ok	derivatives/fsl/dual-regression_denoised_dim-00_task-rest.dr/contrasts/component-0016_stat-beta/randomise/network-ecn/task-rest_network-ecn_component-0016_stat-beta_contrast-rtpj-minus-sham_tfce_corrp_tstat2.nii.gz		
0	ecn	16	rtpj-minus-sham	C2	negative	cluster-extent	true	true	27	27	true	true	true	true	0.0498	false	ok	derivatives/fsl/dual-regression_denoised_dim-00_task-rest.dr/contrasts/component-0016_stat-beta/randomise/network-ecn/task-rest_network-ecn_component-0016_stat-beta_contrast-rtpj-minus-sham_clustere_corrp_tstat2.nii.gz		
0	ecn	16	vlpfc-minus-sham	C1	positive	tfce	true	true	27	27	true	true	true	true	0.033	false	ok	derivatives/fsl/dual-regression_denoised_dim-00_task-rest.dr/contrasts/component-0016_stat-beta/randomise/network-ecn/task-rest_network-ecn_component-0016_stat-beta_contrast-vlpfc-minus-sham_tfce_corrp_tstat1.nii.gz		
0	ecn	16	vlpfc-minus-sham	C1	positive	cluster-extent	true	true	27	27	true	true	true	true	0.0492	false	ok	derivatives/fsl/dual-regression_denoised_dim-00_task-rest.dr/contrasts/component-0016_stat-beta/randomise/network-ecn/task-rest_network-ecn_component-0016_stat-beta_contrast-vlpfc-minus-sham_clustere_corrp_tstat1.nii.gz		
0	ecn	16	vlpfc-minus-sham	C2	negative	tfce	true	true	27	27	true	true	true	true	0.8176	false	ok	derivatives/fsl/dual-regression_denoised_dim-00_task-rest.dr/contrasts/component-0016_stat-beta/randomise/network-ecn/task-rest_network-ecn_component-0016_stat-beta_contrast-vlpfc-minus-sham_tfce_corrp_tstat2.nii.gz		
0	ecn	16	vlpfc-minus-sham	C2	negative	cluster-extent	true	true	27	27	true	true	true	true	0.732	false	ok	derivatives/fsl/dual-regression_denoised_dim-00_task-rest.dr/contrasts/component-0016_stat-beta/randomise/network-ecn/task-rest_network-ecn_component-0016_stat-beta_contrast-vlpfc-minus-sham_clustere_corrp_tstat2.nii.gz		
0	ecn	16	both-minus-mean-rtpj-vlpfc	C1	positive	tfce	true	true	27	27	true	true	true	true	0.733	false	ok	derivatives/fsl/dual-regression_denoised_dim-00_task-rest.dr/contrasts/component-0016_stat-beta/randomise/network-ecn/task-rest_network-ecn_component-0016_stat-beta_contrast-both-minus-mean-rtpj-vlpfc_tfce_corrp_tstat1.nii.gz		
0	ecn	16	both-minus-mean-rtpj-vlpfc	C1	positive	cluster-extent	true	true	27	27	true	true	true	true	0.6932	false	ok	derivatives/fsl/dual-regression_denoised_dim-00_task-rest.dr/contrasts/component-0016_stat-beta/randomise/network-ecn/task-rest_network-ecn_component-0016_stat-beta_contrast-both-minus-mean-rtpj-vlpfc_clustere_corrp_tstat1.nii.gz		
0	ecn	16	both-minus-mean-rtpj-vlpfc	C2	negative	tfce	true	true	27	27	true	true	true	true	0.3128	false	ok	derivatives/fsl/dual-regression_denoised_dim-00_task-rest.dr/contrasts/component-0016_stat-beta/randomise/network-ecn/task-rest_network-ecn_component-0016_stat-beta_contrast-both-minus-mean-rtpj-vlpfc_tfce_corrp_tstat2.nii.gz		
0	ecn	16	both-minus-mean-rtpj-vlpfc	C2	negative	cluster-extent	true	true	27	27	true	true	true	true	0.0366	false	ok	derivatives/fsl/dual-regression_denoised_dim-00_task-rest.dr/contrasts/component-0016_stat-beta/randomise/network-ecn/task-rest_network-ecn_component-0016_stat-beta_contrast-both-minus-mean-rtpj-vlpfc_clustere_corrp_tstat2.nii.gz		
0	right-fpn	15	both-minus-sham	C1	positive	tfce	true	true	27	27	true	true	true	true	0.4782	false	ok	derivatives/fsl/dual-regression_denoised_dim-00_task-rest.dr/contrasts/component-0015_stat-beta/randomise/network-right-fpn/task-rest_network-right-fpn_component-0015_stat-beta_contrast-both-minus-sham_tfce_corrp_tstat1.nii.gz		
0	right-fpn	15	both-minus-sham	C1	positive	cluster-extent	true	true	27	27	true	true	true	true	0.7126	false	ok	derivatives/fsl/dual-regression_denoised_dim-00_task-rest.dr/contrasts/component-0015_stat-beta/randomise/network-right-fpn/task-rest_network-right-fpn_component-0015_stat-beta_contrast-both-minus-sham_clustere_corrp_tstat1.nii.gz		
0	right-fpn	15	both-minus-sham	C2	negative	tfce	true	true	27	27	true	true	true	true	0.1596	false	ok	derivatives/fsl/dual-regression_denoised_dim-00_task-rest.dr/contrasts/component-0015_stat-beta/randomise/network-right-fpn/task-rest_network-right-fpn_component-0015_stat-beta_contrast-both-minus-sham_tfce_corrp_tstat2.nii.gz		
0	right-fpn	15	both-minus-sham	C2	negative	cluster-extent	true	true	27	27	true	true	true	true	0.043	false	ok	derivatives/fsl/dual-regression_denoised_dim-00_task-rest.dr/contrasts/component-0015_stat-beta/randomise/network-right-fpn/task-rest_network-right-fpn_component-0015_stat-beta_contrast-both-minus-sham_clustere_corrp_tstat2.nii.gz		
0	right-fpn	15	both-minus-rtpj	C1	positive	tfce	true	true	27	27	true	true	true	true	0.2536	false	ok	derivatives/fsl/dual-regression_denoised_dim-00_task-rest.dr/contrasts/component-0015_stat-beta/randomise/network-right-fpn/task-rest_network-right-fpn_component-0015_stat-beta_contrast-both-minus-rtpj_tfce_corrp_tstat1.nii.gz		
0	right-fpn	15	both-minus-rtpj	C1	positive	cluster-extent	true	true	27	27	true	true	true	true	0.3834	false	ok	derivatives/fsl/dual-regression_denoised_dim-00_task-rest.dr/contrasts/component-0015_stat-beta/randomise/network-right-fpn/task-rest_network-right-fpn_component-0015_stat-beta_contrast-both-minus-rtpj_clustere_corrp_tstat1.nii.gz		
0	right-fpn	15	both-minus-rtpj	C2	negative	tfce	true	true	27	27	true	true	true	true	0.7652	false	ok	derivatives/fsl/dual-regression_denoised_dim-00_task-rest.dr/contrasts/component-0015_stat-beta/randomise/network-right-fpn/task-rest_network-right-fpn_component-0015_stat-beta_contrast-both-minus-rtpj_tfce_corrp_tstat2.nii.gz		
0	right-fpn	15	both-minus-rtpj	C2	negative	cluster-extent	true	true	27	27	true	true	true	true	0.3934	false	ok	derivatives/fsl/dual-regression_denoised_dim-00_task-rest.dr/contrasts/component-0015_stat-beta/randomise/network-right-fpn/task-rest_network-right-fpn_component-0015_stat-beta_contrast-both-minus-rtpj_clustere_corrp_tstat2.nii.gz		
0	right-fpn	15	both-minus-vlpfc	C1	positive	tfce	true	true	27	27	true	true	true	true	0.0548	false	ok	derivatives/fsl/dual-regression_denoised_dim-00_task-rest.dr/contrasts/component-0015_stat-beta/randomise/network-right-fpn/task-rest_network-right-fpn_component-0015_stat-beta_contrast-both-minus-vlpfc_tfce_corrp_tstat1.nii.gz		
0	right-fpn	15	both-minus-vlpfc	C1	positive	cluster-extent	true	true	27	27	true	true	true	true	0.0454	false	ok	derivatives/fsl/dual-regression_denoised_dim-00_task-rest.dr/contrasts/component-0015_stat-beta/randomise/network-right-fpn/task-rest_network-right-fpn_component-0015_stat-beta_contrast-both-minus-vlpfc_clustere_corrp_tstat1.nii.gz		
0	right-fpn	15	both-minus-vlpfc	C2	negative	tfce	true	true	27	27	true	true	true	true	0.5824	false	ok	derivatives/fsl/dual-regression_denoised_dim-00_task-rest.dr/contrasts/component-0015_stat-beta/randomise/network-right-fpn/task-rest_network-right-fpn_component-0015_stat-beta_contrast-both-minus-vlpfc_tfce_corrp_tstat2.nii.gz		
0	right-fpn	15	both-minus-vlpfc	C2	negative	cluster-extent	true	true	27	27	true	true	true	true	0.0456	false	ok	derivatives/fsl/dual-regression_denoised_dim-00_task-rest.dr/contrasts/component-0015_stat-beta/randomise/network-right-fpn/task-rest_network-right-fpn_component-0015_stat-beta_contrast-both-minus-vlpfc_clustere_corrp_tstat2.nii.gz		
0	right-fpn	15	rtpj-minus-vlpfc	C1	positive	tfce	true	true	27	27	true	true	true	true	0.3794	false	ok	derivatives/fsl/dual-regression_denoised_dim-00_task-rest.dr/contrasts/component-0015_stat-beta/randomise/network-right-fpn/task-rest_network-right-fpn_component-0015_stat-beta_contrast-rtpj-minus-vlpfc_tfce_corrp_tstat1.nii.gz		
0	right-fpn	15	rtpj-minus-vlpfc	C1	positive	cluster-extent	true	true	27	27	true	true	true	true	0.346	false	ok	derivatives/fsl/dual-regression_denoised_dim-00_task-rest.dr/contrasts/component-0015_stat-beta/randomise/network-right-fpn/task-rest_network-right-fpn_component-0015_stat-beta_contrast-rtpj-minus-vlpfc_clustere_corrp_tstat1.nii.gz		
0	right-fpn	15	rtpj-minus-vlpfc	C2	negative	tfce	true	true	27	27	true	true	true	true	0.8904	false	ok	derivatives/fsl/dual-regression_denoised_dim-00_task-rest.dr/contrasts/component-0015_stat-beta/randomise/network-right-fpn/task-rest_network-right-fpn_component-0015_stat-beta_contrast-rtpj-minus-vlpfc_tfce_corrp_tstat2.nii.gz		
0	right-fpn	15	rtpj-minus-vlpfc	C2	negative	cluster-extent	true	true	27	27	true	true	true	true	0.6802	false	ok	derivatives/fsl/dual-regression_denoised_dim-00_task-rest.dr/contrasts/component-0015_stat-beta/randomise/network-right-fpn/task-rest_network-right-fpn_component-0015_stat-beta_contrast-rtpj-minus-vlpfc_clustere_corrp_tstat2.nii.gz		
0	right-fpn	15	rtpj-minus-sham	C1	positive	tfce	true	true	27	27	true	true	true	true	0.793	false	ok	derivatives/fsl/dual-regression_denoised_dim-00_task-rest.dr/contrasts/component-0015_stat-beta/randomise/network-right-fpn/task-rest_network-right-fpn_component-0015_stat-beta_contrast-rtpj-minus-sham_tfce_corrp_tstat1.nii.gz		
0	right-fpn	15	rtpj-minus-sham	C1	positive	cluster-extent	true	true	27	27	true	true	true	true	0.882	false	ok	derivatives/fsl/dual-regression_denoised_dim-00_task-rest.dr/contrasts/component-0015_stat-beta/randomise/network-right-fpn/task-rest_network-right-fpn_component-0015_stat-beta_contrast-rtpj-minus-sham_clustere_corrp_tstat1.nii.gz		
0	right-fpn	15	rtpj-minus-sham	C2	negative	tfce	true	true	27	27	true	true	true	true	0.2982	false	ok	derivatives/fsl/dual-regression_denoised_dim-00_task-rest.dr/contrasts/component-0015_stat-beta/randomise/network-right-fpn/task-rest_network-right-fpn_component-0015_stat-beta_contrast-rtpj-minus-sham_tfce_corrp_tstat2.nii.gz		
0	right-fpn	15	rtpj-minus-sham	C2	negative	cluster-extent	true	true	27	27	true	true	true	true	0.0288	false	ok	derivatives/fsl/dual-regression_denoised_dim-00_task-rest.dr/contrasts/component-0015_stat-beta/randomise/network-right-fpn/task-rest_network-right-fpn_component-0015_stat-beta_contrast-rtpj-minus-sham_clustere_corrp_tstat2.nii.gz		
0	right-fpn	15	vlpfc-minus-sham	C1	positive	tfce	true	true	27	27	true	true	true	true	0.009	false	ok	derivatives/fsl/dual-regression_denoised_dim-00_task-rest.dr/contrasts/component-0015_stat-beta/randomise/network-right-fpn/task-rest_network-right-fpn_component-0015_stat-beta_contrast-vlpfc-minus-sham_tfce_corrp_tstat1.nii.gz		
0	right-fpn	15	vlpfc-minus-sham	C1	positive	cluster-extent	true	true	27	27	true	true	true	true	0.3434	false	ok	derivatives/fsl/dual-regression_denoised_dim-00_task-rest.dr/contrasts/component-0015_stat-beta/randomise/network-right-fpn/task-rest_network-right-fpn_component-0015_stat-beta_contrast-vlpfc-minus-sham_clustere_corrp_tstat1.nii.gz		
0	right-fpn	15	vlpfc-minus-sham	C2	negative	tfce	true	true	27	27	true	true	true	true	0.9878	true	ok	derivatives/fsl/dual-regression_denoised_dim-00_task-rest.dr/contrasts/component-0015_stat-beta/randomise/network-right-fpn/task-rest_network-right-fpn_component-0015_stat-beta_contrast-vlpfc-minus-sham_tfce_corrp_tstat2.nii.gz	derivatives/fsl/randomise_summary/task-rest_space-MNI152NLin6Asym_desc-dim00RightFpnComp0015VlpfcMinusShamNegativeTfceCorrp_stat-corrp_statmap.nii.gz	derivatives/fsl/randomise_summary/task-rest_space-MNI152NLin6Asym_desc-dim00RightFpnComp0015VlpfcMinusShamNegativeTfceCorrp_stat-corrp_statmap.json
0	right-fpn	15	vlpfc-minus-sham	C2	negative	cluster-extent	true	true	27	27	true	true	true	true	0.0396	false	ok	derivatives/fsl/dual-regression_denoised_dim-00_task-rest.dr/contrasts/component-0015_stat-beta/randomise/network-right-fpn/task-rest_network-right-fpn_component-0015_stat-beta_contrast-vlpfc-minus-sham_clustere_corrp_tstat2.nii.gz		
0	right-fpn	15	both-minus-mean-rtpj-vlpfc	C1	positive	tfce	true	true	27	27	true	true	true	true	0.2616	false	ok	derivatives/fsl/dual-regression_denoised_dim-00_task-rest.dr/contrasts/component-0015_stat-beta/randomise/network-right-fpn/task-rest_network-right-fpn_component-0015_stat-beta_contrast-both-minus-mean-rtpj-vlpfc_tfce_corrp_tstat1.nii.gz		
0	right-fpn	15	both-minus-mean-rtpj-vlpfc	C1	positive	cluster-extent	true	true	27	27	true	true	true	true	0.7532	false	ok	derivatives/fsl/dual-regression_denoised_dim-00_task-rest.dr/contrasts/component-0015_stat-beta/randomise/network-right-fpn/task-rest_network-right-fpn_component-0015_stat-beta_contrast-both-minus-mean-rtpj-vlpfc_clustere_corrp_tstat1.nii.gz		
0	right-fpn	15	both-minus-mean-rtpj-vlpfc	C2	negative	tfce	true	true	27	27	true	true	true	true	0.1334	false	ok	derivatives/fsl/dual-regression_denoised_dim-00_task-rest.dr/contrasts/component-0015_stat-beta/randomise/network-right-fpn/task-rest_network-right-fpn_component-0015_stat-beta_contrast-both-minus-mean-rtpj-vlpfc_tfce_corrp_tstat2.nii.gz		
0	right-fpn	15	both-minus-mean-rtpj-vlpfc	C2	negative	cluster-extent	true	true	27	27	true	true	true	true	0.0478	false	ok	derivatives/fsl/dual-regression_denoised_dim-00_task-rest.dr/contrasts/component-0015_stat-beta/randomise/network-right-fpn/task-rest_network-right-fpn_component-0015_stat-beta_contrast-both-minus-mean-rtpj-vlpfc_clustere_corrp_tstat2.nii.gz		
0	left-fpn	28	both-minus-sham	C1	positive	tfce	true	true	27	27	true	true	true	true	0.6648	false	ok	derivatives/fsl/dual-regression_denoised_dim-00_task-rest.dr/contrasts/component-0028_stat-beta/randomise/network-left-fpn/task-rest_network-left-fpn_component-0028_stat-beta_contrast-both-minus-sham_tfce_corrp_tstat1.nii.gz		
0	left-fpn	28	both-minus-sham	C1	positive	cluster-extent	true	true	27	27	true	true	true	true	0.044	false	ok	derivatives/fsl/dual-regression_denoised_dim-00_task-rest.dr/contrasts/component-0028_stat-beta/randomise/network-left-fpn/task-rest_network-left-fpn_component-0028_stat-beta_contrast-both-minus-sham_clustere_corrp_tstat1.nii.gz		
0	left-fpn	28	both-minus-sham	C2	negative	tfce	true	true	27	27	true	true	true	true	0.2026	false	ok	derivatives/fsl/dual-regression_denoised_dim-00_task-rest.dr/contrasts/component-0028_stat-beta/randomise/network-left-fpn/task-rest_network-left-fpn_component-0028_stat-beta_contrast-both-minus-sham_tfce_corrp_tstat2.nii.gz		
0	left-fpn	28	both-minus-sham	C2	negative	cluster-extent	true	true	27	27	true	true	true	true	0.0418	false	ok	derivatives/fsl/dual-regression_denoised_dim-00_task-rest.dr/contrasts/component-0028_stat-beta/randomise/network-left-fpn/task-rest_network-left-fpn_component-0028_stat-beta_contrast-both-minus-sham_clustere_corrp_tstat2.nii.gz		
0	left-fpn	28	both-minus-rtpj	C1	positive	tfce	true	true	27	27	true	true	true	true	0.1298	false	ok	derivatives/fsl/dual-regression_denoised_dim-00_task-rest.dr/contrasts/component-0028_stat-beta/randomise/network-left-fpn/task-rest_network-left-fpn_component-0028_stat-beta_contrast-both-minus-rtpj_tfce_corrp_tstat1.nii.gz		
0	left-fpn	28	both-minus-rtpj	C1	positive	cluster-extent	true	true	27	27	true	true	true	true	0.356	false	ok	derivatives/fsl/dual-regression_denoised_dim-00_task-rest.dr/contrasts/component-0028_stat-beta/randomise/network-left-fpn/task-rest_network-left-fpn_component-0028_stat-beta_contrast-both-minus-rtpj_clustere_corrp_tstat1.nii.gz		
0	left-fpn	28	both-minus-rtpj	C2	negative	tfce	true	true	27	27	true	true	true	true	0.618	false	ok	derivatives/fsl/dual-regression_denoised_dim-00_task-rest.dr/contrasts/component-0028_stat-beta/randomise/network-left-fpn/task-rest_network-left-fpn_component-0028_stat-beta_contrast-both-minus-rtpj_tfce_corrp_tstat2.nii.gz		
0	left-fpn	28	both-minus-rtpj	C2	negative	cluster-extent	true	true	27	27	true	true	true	true	0.0364	false	ok	derivatives/fsl/dual-regression_denoised_dim-00_task-rest.dr/contrasts/component-0028_stat-beta/randomise/network-left-fpn/task-rest_network-left-fpn_component-0028_stat-beta_contrast-both-minus-rtpj_clustere_corrp_tstat2.nii.gz		
0	left-fpn	28	both-minus-vlpfc	C1	positive	tfce	true	true	27	27	true	true	true	true	0.892	false	ok	derivatives/fsl/dual-regression_denoised_dim-00_task-rest.dr/contrasts/component-0028_stat-beta/randomise/network-left-fpn/task-rest_network-left-fpn_component-0028_stat-beta_contrast-both-minus-vlpfc_tfce_corrp_tstat1.nii.gz		
0	left-fpn	28	both-minus-vlpfc	C1	positive	cluster-extent	true	true	27	27	true	true	true	true	0.7078	false	ok	derivatives/fsl/dual-regression_denoised_dim-00_task-rest.dr/contrasts/component-0028_stat-beta/randomise/network-left-fpn/task-rest_network-left-fpn_component-0028_stat-beta_contrast-both-minus-vlpfc_clustere_corrp_tstat1.nii.gz		
0	left-fpn	28	both-minus-vlpfc	C2	negative	tfce	true	true	27	27	true	true	true	true	0.8554	false	ok	derivatives/fsl/dual-regression_denoised_dim-00_task-rest.dr/contrasts/component-0028_stat-beta/randomise/network-left-fpn/task-rest_network-left-fpn_component-0028_stat-beta_contrast-both-minus-vlpfc_tfce_corrp_tstat2.nii.gz		
0	left-fpn	28	both-minus-vlpfc	C2	negative	cluster-extent	true	true	27	27	true	true	true	true	0.8856	false	ok	derivatives/fsl/dual-regression_denoised_dim-00_task-rest.dr/contrasts/component-0028_stat-beta/randomise/network-left-fpn/task-rest_network-left-fpn_component-0028_stat-beta_contrast-both-minus-vlpfc_clustere_corrp_tstat2.nii.gz		
0	left-fpn	28	rtpj-minus-vlpfc	C1	positive	tfce	true	true	27	27	true	true	true	true	0.7842	false	ok	derivatives/fsl/dual-regression_denoised_dim-00_task-rest.dr/contrasts/component-0028_stat-beta/randomise/network-left-fpn/task-rest_network-left-fpn_component-0028_stat-beta_contrast-rtpj-minus-vlpfc_tfce_corrp_tstat1.nii.gz		
0	left-fpn	28	rtpj-minus-vlpfc	C1	positive	cluster-extent	true	true	27	27	true	true	true	true	0.0426	false	ok	derivatives/fsl/dual-regression_denoised_dim-00_task-rest.dr/contrasts/component-0028_stat-beta/randomise/network-left-fpn/task-rest_network-left-fpn_component-0028_stat-beta_contrast-rtpj-minus-vlpfc_clustere_corrp_tstat1.nii.gz		
0	left-fpn	28	rtpj-minus-vlpfc	C2	negative	tfce	true	true	27	27	true	true	true	true	0.837	false	ok	derivatives/fsl/dual-regression_denoised_dim-00_task-rest.dr/contrasts/component-0028_stat-beta/randomise/network-left-fpn/task-rest_network-left-fpn_component-0028_stat-beta_contrast-rtpj-minus-vlpfc_tfce_corrp_tstat2.nii.gz		
0	left-fpn	28	rtpj-minus-vlpfc	C2	negative	cluster-extent	true	true	27	27	true	true	true	true	0.361	false	ok	derivatives/fsl/dual-regression_denoised_dim-00_task-rest.dr/contrasts/component-0028_stat-beta/randomise/network-left-fpn/task-rest_network-left-fpn_component-0028_stat-beta_contrast-rtpj-minus-vlpfc_clustere_corrp_tstat2.nii.gz		
0	left-fpn	28	rtpj-minus-sham	C1	positive	tfce	true	true	27	27	true	true	true	true	0.6076	false	ok	derivatives/fsl/dual-regression_denoised_dim-00_task-rest.dr/contrasts/component-0028_stat-beta/randomise/network-left-fpn/task-rest_network-left-fpn_component-0028_stat-beta_contrast-rtpj-minus-sham_tfce_corrp_tstat1.nii.gz		
0	left-fpn	28	rtpj-minus-sham	C1	positive	cluster-extent	true	true	27	27	true	true	true	true	0.8952	false	ok	derivatives/fsl/dual-regression_denoised_dim-00_task-rest.dr/contrasts/component-0028_stat-beta/randomise/network-left-fpn/task-rest_network-left-fpn_component-0028_stat-beta_contrast-rtpj-minus-sham_clustere_corrp_tstat1.nii.gz		
0	left-fpn	28	rtpj-minus-sham	C2	negative	tfce	true	true	27	27	true	true	true	true	0.3598	false	ok	derivatives/fsl/dual-regression_denoised_dim-00_task-rest.dr/contrasts/component-0028_stat-beta/randomise/network-left-fpn/task-rest_network-left-fpn_component-0028_stat-beta_contrast-rtpj-minus-sham_tfce_corrp_tstat2.nii.gz		
0	left-fpn	28	rtpj-minus-sham	C2	negative	cluster-extent	true	true	27	27	true	true	true	true	0.8888	false	ok	derivatives/fsl/dual-regression_denoised_dim-00_task-rest.dr/contrasts/component-0028_stat-beta/randomise/network-left-fpn/task-rest_network-left-fpn_component-0028_stat-beta_contrast-rtpj-minus-sham_clustere_corrp_tstat2.nii.gz		
0	left-fpn	28	vlpfc-minus-sham	C1	positive	tfce	true	true	27	27	true	true	true	true	0.0392	false	ok	derivatives/fsl/dual-regression_denoised_dim-00_task-rest.dr/contrasts/component-0028_stat-beta/randomise/network-left-fpn/task-rest_network-left-fpn_component-0028_stat-beta_contrast-vlpfc-minus-sham_tfce_corrp_tstat1.nii.gz		
0	left-fpn	28	vlpfc-minus-sham	C1	positive	cluster-extent	true	true	27	27	true	true	true	true	0.0486	false	ok	derivatives/fsl/dual-regression_denoised_dim-00_task-rest.dr/contrasts/component-0028_stat-beta/randomise/network-left-fpn/task-rest_network-left-fpn_component-0028_stat-beta_contrast-vlpfc-minus-sham_clustere_corrp_tstat1.nii.gz		
0	left-fpn	28	vlpfc-minus-sham	C2	negative	tfce	true	true	27	27	true	true	true	true	0.5016	false	ok	derivatives/fsl/dual-regression_denoised_dim-00_task-rest.dr/contrasts/component-0028_stat-beta/randomise/network-left-fpn/task-rest_network-left-fpn_component-0028_stat-beta_contrast-vlpfc-minus-sham_tfce_corrp_tstat2.nii.gz		
0	left-fpn	28	vlpfc-minus-sham	C2	negative	cluster-extent	true	true	27	27	true	true	true	true	0.3906	false	ok	derivatives/fsl/dual-regression_denoised_dim-00_task-rest.dr/contrasts/component-0028_stat-beta/randomise/network-left-fpn/task-rest_network-left-fpn_component-0028_stat-beta_contrast-vlpfc-minus-sham_clustere_corrp_tstat2.nii.gz		
0	left-fpn	28	both-minus-mean-rtpj-vlpfc	C1	positive	tfce	true	true	27	27	true	true	true	true	0.7648	false	ok	derivatives/fsl/dual-regression_denoised_dim-00_task-rest.dr/contrasts/component-0028_stat-beta/randomise/network-left-fpn/task-rest_network-left-fpn_component-0028_stat-beta_contrast-both-minus-mean-rtpj-vlpfc_tfce_corrp_tstat1.nii.gz		
0	left-fpn	28	both-minus-mean-rtpj-vlpfc	C1	positive	cluster-extent	true	true	27	27	true	true	true	true	0.8808	false	ok	derivatives/fsl/dual-regression_denoised_dim-00_task-rest.dr/contrasts/component-0028_stat-beta/randomise/network-left-fpn/task-rest_network-left-fpn_component-0028_stat-beta_contrast-both-minus-mean-rtpj-vlpfc_clustere_corrp_tstat1.nii.gz		
0	left-fpn	28	both-minus-mean-rtpj-vlpfc	C2	negative	tfce	true	true	27	27	true	true	true	true	0.735	false	ok	derivatives/fsl/dual-regression_denoised_dim-00_task-rest.dr/contrasts/component-0028_stat-beta/randomise/network-left-fpn/task-rest_network-left-fpn_component-0028_stat-beta_contrast-both-minus-mean-rtpj-vlpfc_tfce_corrp_tstat2.nii.gz		
0	left-fpn	28	both-minus-mean-rtpj-vlpfc	C2	negative	cluster-extent	true	true	27	27	true	true	true	true	0.7094	false	ok	derivatives/fsl/dual-regression_denoised_dim-00_task-rest.dr/contrasts/component-0028_stat-beta/randomise/network-left-fpn/task-rest_network-left-fpn_component-0028_stat-beta_contrast-both-minus-mean-rtpj-vlpfc_clustere_corrp_tstat2.nii.gz		
20	dmn	10	both-minus-sham	C1	positive	tfce	true	true	27	27	true	true	true	true	0.8752	false	ok	derivatives/fsl/dual-regression_denoised_dim-20_task-rest.dr/contrasts/component-0010_stat-beta/randomise/network-dmn/task-rest_network-dmn_component-0010_stat-beta_contrast-both-minus-sham_tfce_corrp_tstat1.nii.gz		
20	dmn	10	both-minus-sham	C1	positive	cluster-extent	true	true	27	27	true	true	true	true	0.9366	false	ok	derivatives/fsl/dual-regression_denoised_dim-20_task-rest.dr/contrasts/component-0010_stat-beta/randomise/network-dmn/task-rest_network-dmn_component-0010_stat-beta_contrast-both-minus-sham_clustere_corrp_tstat1.nii.gz		
20	dmn	10	both-minus-sham	C2	negative	tfce	true	true	27	27	true	true	true	true	0.4692	false	ok	derivatives/fsl/dual-regression_denoised_dim-20_task-rest.dr/contrasts/component-0010_stat-beta/randomise/network-dmn/task-rest_network-dmn_component-0010_stat-beta_contrast-both-minus-sham_tfce_corrp_tstat2.nii.gz		
20	dmn	10	both-minus-sham	C2	negative	cluster-extent	true	true	27	27	true	true	true	true	0.0304	false	ok	derivatives/fsl/dual-regression_denoised_dim-20_task-rest.dr/contrasts/component-0010_stat-beta/randomise/network-dmn/task-rest_network-dmn_component-0010_stat-beta_contrast-both-minus-sham_clustere_corrp_tstat2.nii.gz		
20	dmn	10	both-minus-rtpj	C1	positive	tfce	true	true	27	27	true	true	true	true	0.4234	false	ok	derivatives/fsl/dual-regression_denoised_dim-20_task-rest.dr/contrasts/component-0010_stat-beta/randomise/network-dmn/task-rest_network-dmn_component-0010_stat-beta_contrast-both-minus-rtpj_tfce_corrp_tstat1.nii.gz		
20	dmn	10	both-minus-rtpj	C1	positive	cluster-extent	true	true	27	27	true	true	true	true	0.2082	false	ok	derivatives/fsl/dual-regression_denoised_dim-20_task-rest.dr/contrasts/component-0010_stat-beta/randomise/network-dmn/task-rest_network-dmn_component-0010_stat-beta_contrast-both-minus-rtpj_clustere_corrp_tstat1.nii.gz		
20	dmn	10	both-minus-rtpj	C2	negative	tfce	true	true	27	27	true	true	true	true	0.3932	false	ok	derivatives/fsl/dual-regression_denoised_dim-20_task-rest.dr/contrasts/component-0010_stat-beta/randomise/network-dmn/task-rest_network-dmn_component-0010_stat-beta_contrast-both-minus-rtpj_tfce_corrp_tstat2.nii.gz		
20	dmn	10	both-minus-rtpj	C2	negative	cluster-extent	true	true	27	27	true	true	true	true	0.4966	false	ok	derivatives/fsl/dual-regression_denoised_dim-20_task-rest.dr/contrasts/component-0010_stat-beta/randomise/network-dmn/task-rest_network-dmn_component-0010_stat-beta_contrast-both-minus-rtpj_clustere_corrp_tstat2.nii.gz		
20	dmn	10	both-minus-vlpfc	C1	positive	tfce	true	true	27	27	true	true	true	true	0.4336	false	ok	derivatives/fsl/dual-regression_denoised_dim-20_task-rest.dr/contrasts/component-0010_stat-beta/randomise/network-dmn/task-rest_network-dmn_component-0010_stat-beta_contrast-both-minus-vlpfc_tfce_corrp_tstat1.nii.gz		
20	dmn	10	both-minus-vlpfc	C1	positive	cluster-extent	true	true	27	27	true	true	true	true	0.6804	false	ok	derivatives/fsl/dual-regression_denoised_dim-20_task-rest.dr/contrasts/component-0010_stat-beta/randomise/network-dmn/task-rest_network-dmn_component-0010_stat-beta_contrast-both-minus-vlpfc_clustere_corrp_tstat1.nii.gz		
20	dmn	10	both-minus-vlpfc	C2	negative	tfce	true	true	27	27	true	true	true	true	0.4592	false	ok	derivatives/fsl/dual-regression_denoised_dim-20_task-rest.dr/contrasts/component-0010_stat-beta/randomise/network-dmn/task-rest_network-dmn_component-0010_stat-beta_contrast-both-minus-vlpfc_tfce_corrp_tstat2.nii.gz		
20	dmn	10	both-minus-vlpfc	C2	negative	cluster-extent	true	true	27	27	true	true	true	true	0.4694	false	ok	derivatives/fsl/dual-regression_denoised_dim-20_task-rest.dr/contrasts/component-0010_stat-beta/randomise/network-dmn/task-rest_network-dmn_component-0010_stat-beta_contrast-both-minus-vlpfc_clustere_corrp_tstat2.nii.gz		
20	dmn	10	rtpj-minus-vlpfc	C1	positive	tfce	true	true	27	27	true	true	true	true	0.3888	false	ok	derivatives/fsl/dual-regression_denoised_dim-20_task-rest.dr/contrasts/component-0010_stat-beta/randomise/network-dmn/task-rest_network-dmn_component-0010_stat-beta_contrast-rtpj-minus-vlpfc_tfce_corrp_tstat1.nii.gz		
20	dmn	10	rtpj-minus-vlpfc	C1	positive	cluster-extent	true	true	27	27	true	true	true	true	0.1896	false	ok	derivatives/fsl/dual-regression_denoised_dim-20_task-rest.dr/contrasts/component-0010_stat-beta/randomise/network-dmn/task-rest_network-dmn_component-0010_stat-beta_contrast-rtpj-minus-vlpfc_clustere_corrp_tstat1.nii.gz		
20	dmn	10	rtpj-minus-vlpfc	C2	negative	tfce	true	true	27	27	true	true	true	true	0.7172	false	ok	derivatives/fsl/dual-regression_denoised_dim-20_task-rest.dr/contrasts/component-0010_stat-beta/randomise/network-dmn/task-rest_network-dmn_component-0010_stat-beta_contrast-rtpj-minus-vlpfc_tfce_corrp_tstat2.nii.gz		
20	dmn	10	rtpj-minus-vlpfc	C2	negative	cluster-extent	true	true	27	27	true	true	true	true	0.8066	false	ok	derivatives/fsl/dual-regression_denoised_dim-20_task-rest.dr/contrasts/component-0010_stat-beta/randomise/network-dmn/task-rest_network-dmn_component-0010_stat-beta_contrast-rtpj-minus-vlpfc_clustere_corrp_tstat2.nii.gz		
20	dmn	10	rtpj-minus-sham	C1	positive	tfce	true	true	27	27	true	true	true	true	0.5642	false	ok	derivatives/fsl/dual-regression_denoised_dim-20_task-rest.dr/contrasts/component-0010_stat-beta/randomise/network-dmn/task-rest_network-dmn_component-0010_stat-beta_contrast-rtpj-minus-sham_tfce_corrp_tstat1.nii.gz		
20	dmn	10	rtpj-minus-sham	C1	positive	cluster-extent	true	true	27	27	true	true	true	true	0.8374	false	ok	derivatives/fsl/dual-regression_denoised_dim-20_task-rest.dr/contrasts/component-0010_stat-beta/randomise/network-dmn/task-rest_network-dmn_component-0010_stat-beta_contrast-rtpj-minus-sham_clustere_corrp_tstat1.nii.gz		
20	dmn	10	rtpj-minus-sham	C2	negative	tfce	true	true	27	27	true	true	true	true	0.4558	false	ok	derivatives/fsl/dual-regression_denoised_dim-20_task-rest.dr/contrasts/component-0010_stat-beta/randomise/network-dmn/task-rest_network-dmn_component-0010_stat-beta_contrast-rtpj-minus-sham_tfce_corrp_tstat2.nii.gz		
20	dmn	10	rtpj-minus-sham	C2	negative	cluster-extent	true	true	27	27	true	true	true	true	0.7096	false	ok	derivatives/fsl/dual-regression_denoised_dim-20_task-rest.dr/contrasts/component-0010_stat-beta/randomise/network-dmn/task-rest_network-dmn_component-0010_stat-beta_contrast-rtpj-minus-sham_clustere_corrp_tstat2.nii.gz		
20	dmn	10	vlpfc-minus-sham	C1	positive	tfce	true	true	27	27	true	true	true	true	0.5048	false	ok	derivatives/fsl/dual-regression_denoised_dim-20_task-rest.dr/contrasts/component-0010_stat-beta/randomise/network-dmn/task-rest_network-dmn_component-0010_stat-beta_contrast-vlpfc-minus-sham_tfce_corrp_tstat1.nii.gz		
20	dmn	10	vlpfc-minus-sham	C1	positive	cluster-extent	true	true	27	27	true	true	true	true	0.7202	false	ok	derivatives/fsl/dual-regression_denoised_dim-20_task-rest.dr/contrasts/component-0010_stat-beta/randomise/network-dmn/task-rest_network-dmn_component-0010_stat-beta_contrast-vlpfc-minus-sham_clustere_corrp_tstat1.nii.gz		
20	dmn	10	vlpfc-minus-sham	C2	negative	tfce	true	true	27	27	true	true	true	true	0.846	false	ok	derivatives/fsl/dual-regression_denoised_dim-20_task-rest.dr/contrasts/component-0010_stat-beta/randomise/network-dmn/task-rest_network-dmn_component-0010_stat-beta_contrast-vlpfc-minus-sham_tfce_corrp_tstat2.nii.gz		
20	dmn	10	vlpfc-minus-sham	C2	negative	cluster-extent	true	true	27	27	true	true	true	true	0.7104	false	ok	derivatives/fsl/dual-regression_denoised_dim-20_task-rest.dr/contrasts/component-0010_stat-beta/randomise/network-dmn/task-rest_network-dmn_component-0010_stat-beta_contrast-vlpfc-minus-sham_clustere_corrp_tstat2.nii.gz		
20	dmn	10	both-minus-mean-rtpj-vlpfc	C1	positive	tfce	true	true	27	27	true	true	true	true	0.4302	false	ok	derivatives/fsl/dual-regression_denoised_dim-20_task-rest.dr/contrasts/component-0010_stat-beta/randomise/network-dmn/task-rest_network-dmn_component-0010_stat-beta_contrast-both-minus-mean-rtpj-vlpfc_tfce_corrp_tstat1.nii.gz		
20	dmn	10	both-minus-mean-rtpj-vlpfc	C1	positive	cluster-extent	true	true	27	27	true	true	true	true	0.9112	false	ok	derivatives/fsl/dual-regression_denoised_dim-20_task-rest.dr/contrasts/component-0010_stat-beta/randomise/network-dmn/task-rest_network-dmn_component-0010_stat-beta_contrast-both-minus-mean-rtpj-vlpfc_clustere_corrp_tstat1.nii.gz		
20	dmn	10	both-minus-mean-rtpj-vlpfc	C2	negative	tfce	true	true	27	27	true	true	true	true	0.6774	false	ok	derivatives/fsl/dual-regression_denoised_dim-20_task-rest.dr/contrasts/component-0010_stat-beta/randomise/network-dmn/task-rest_network-dmn_component-0010_stat-beta_contrast-both-minus-mean-rtpj-vlpfc_tfce_corrp_tstat2.nii.gz		
20	dmn	10	both-minus-mean-rtpj-vlpfc	C2	negative	cluster-extent	true	true	27	27	true	true	true	true	0.4878	false	ok	derivatives/fsl/dual-regression_denoised_dim-20_task-rest.dr/contrasts/component-0010_stat-beta/randomise/network-dmn/task-rest_network-dmn_component-0010_stat-beta_contrast-both-minus-mean-rtpj-vlpfc_clustere_corrp_tstat2.nii.gz		
20	ecn	5	both-minus-sham	C1	positive	tfce	true	true	27	27	true	true	true	true	0.4632	false	ok	derivatives/fsl/dual-regression_denoised_dim-20_task-rest.dr/contrasts/component-0005_stat-beta/randomise/network-ecn/task-rest_network-ecn_component-0005_stat-beta_contrast-both-minus-sham_tfce_corrp_tstat1.nii.gz		
20	ecn	5	both-minus-sham	C1	positive	cluster-extent	true	true	27	27	true	true	true	true	0.4682	false	ok	derivatives/fsl/dual-regression_denoised_dim-20_task-rest.dr/contrasts/component-0005_stat-beta/randomise/network-ecn/task-rest_network-ecn_component-0005_stat-beta_contrast-both-minus-sham_clustere_corrp_tstat1.nii.gz		
20	ecn	5	both-minus-sham	C2	negative	tfce	true	true	27	27	true	true	true	true	0.407	false	ok	derivatives/fsl/dual-regression_denoised_dim-20_task-rest.dr/contrasts/component-0005_stat-beta/randomise/network-ecn/task-rest_network-ecn_component-0005_stat-beta_contrast-both-minus-sham_tfce_corrp_tstat2.nii.gz		
20	ecn	5	both-minus-sham	C2	negative	cluster-extent	true	true	27	27	true	true	true	true	0.197	false	ok	derivatives/fsl/dual-regression_denoised_dim-20_task-rest.dr/contrasts/component-0005_stat-beta/randomise/network-ecn/task-rest_network-ecn_component-0005_stat-beta_contrast-both-minus-sham_clustere_corrp_tstat2.nii.gz		
20	ecn	5	both-minus-rtpj	C1	positive	tfce	true	true	27	27	true	true	true	true	0.7986	false	ok	derivatives/fsl/dual-regression_denoised_dim-20_task-rest.dr/contrasts/component-0005_stat-beta/randomise/network-ecn/task-rest_network-ecn_component-0005_stat-beta_contrast-both-minus-rtpj_tfce_corrp_tstat1.nii.gz		
20	ecn	5	both-minus-rtpj	C1	positive	cluster-extent	true	true	27	27	true	true	true	true	0.6856	false	ok	derivatives/fsl/dual-regression_denoised_dim-20_task-rest.dr/contrasts/component-0005_stat-beta/randomise/network-ecn/task-rest_network-ecn_component-0005_stat-beta_contrast-both-minus-rtpj_clustere_corrp_tstat1.nii.gz		
20	ecn	5	both-minus-rtpj	C2	negative	tfce	true	true	27	27	true	true	true	true	0.197	false	ok	derivatives/fsl/dual-regression_denoised_dim-20_task-rest.dr/contrasts/component-0005_stat-beta/randomise/network-ecn/task-rest_network-ecn_component-0005_stat-beta_contrast-both-minus-rtpj_tfce_corrp_tstat2.nii.gz		
20	ecn	5	both-minus-rtpj	C2	negative	cluster-extent	true	true	27	27	true	true	true	true	0.0224	false	ok	derivatives/fsl/dual-regression_denoised_dim-20_task-rest.dr/contrasts/component-0005_stat-beta/randomise/network-ecn/task-rest_network-ecn_component-0005_stat-beta_contrast-both-minus-rtpj_clustere_corrp_tstat2.nii.gz		
20	ecn	5	both-minus-vlpfc	C1	positive	tfce	true	true	27	27	true	true	true	true	0.8934	false	ok	derivatives/fsl/dual-regression_denoised_dim-20_task-rest.dr/contrasts/component-0005_stat-beta/randomise/network-ecn/task-rest_network-ecn_component-0005_stat-beta_contrast-both-minus-vlpfc_tfce_corrp_tstat1.nii.gz		
20	ecn	5	both-minus-vlpfc	C1	positive	cluster-extent	true	true	27	27	true	true	true	true	0.4766	false	ok	derivatives/fsl/dual-regression_denoised_dim-20_task-rest.dr/contrasts/component-0005_stat-beta/randomise/network-ecn/task-rest_network-ecn_component-0005_stat-beta_contrast-both-minus-vlpfc_clustere_corrp_tstat1.nii.gz		
20	ecn	5	both-minus-vlpfc	C2	negative	tfce	true	true	27	27	true	true	true	true	0.0328	false	ok	derivatives/fsl/dual-regression_denoised_dim-20_task-rest.dr/contrasts/component-0005_stat-beta/randomise/network-ecn/task-rest_network-ecn_component-0005_stat-beta_contrast-both-minus-vlpfc_tfce_corrp_tstat2.nii.gz		
20	ecn	5	both-minus-vlpfc	C2	negative	cluster-extent	true	true	27	27	true	true	true	true	0.0282	false	ok	derivatives/fsl/dual-regression_denoised_dim-20_task-rest.dr/contrasts/component-0005_stat-beta/randomise/network-ecn/task-rest_network-ecn_component-0005_stat-beta_contrast-both-minus-vlpfc_clustere_corrp_tstat2.nii.gz		
20	ecn	5	rtpj-minus-vlpfc	C1	positive	tfce	true	true	27	27	true	true	true	true	0.6654	false	ok	derivatives/fsl/dual-regression_denoised_dim-20_task-rest.dr/contrasts/component-0005_stat-beta/randomise/network-ecn/task-rest_network-ecn_component-0005_stat-beta_contrast-rtpj-minus-vlpfc_tfce_corrp_tstat1.nii.gz		
20	ecn	5	rtpj-minus-vlpfc	C1	positive	cluster-extent	true	true	27	27	true	true	true	true	0.819	false	ok	derivatives/fsl/dual-regression_denoised_dim-20_task-rest.dr/contrasts/component-0005_stat-beta/randomise/network-ecn/task-rest_network-ecn_component-0005_stat-beta_contrast-rtpj-minus-vlpfc_clustere_corrp_tstat1.nii.gz		
20	ecn	5	rtpj-minus-vlpfc	C2	negative	tfce	true	true	27	27	true	true	true	true	0.4642	false	ok	derivatives/fsl/dual-regression_denoised_dim-20_task-rest.dr/contrasts/component-0005_stat-beta/randomise/network-ecn/task-rest_network-ecn_component-0005_stat-beta_contrast-rtpj-minus-vlpfc_tfce_corrp_tstat2.nii.gz		
20	ecn	5	rtpj-minus-vlpfc	C2	negative	cluster-extent	true	true	27	27	true	true	true	true	0.672	false	ok	derivatives/fsl/dual-regression_denoised_dim-20_task-rest.dr/contrasts/component-0005_stat-beta/randomise/network-ecn/task-rest_network-ecn_component-0005_stat-beta_contrast-rtpj-minus-vlpfc_clustere_corrp_tstat2.nii.gz		
20	ecn	5	rtpj-minus-sham	C1	positive	tfce	true	true	27	27	true	true	true	true	0.397	false	ok	derivatives/fsl/dual-regression_denoised_dim-20_task-rest.dr/contrasts/component-0005_stat-beta/randomise/network-ecn/task-rest_network-ecn_component-0005_stat-beta_contrast-rtpj-minus-sham_tfce_corrp_tstat1.nii.gz		
20	ecn	5	rtpj-minus-sham	C1	positive	cluster-extent	true	true	27	27	true	true	true	true	0.475	false	ok	derivatives/fsl/dual-regression_denoised_dim-20_task-rest.dr/contrasts/component-0005_stat-beta/randomise/network-ecn/task-rest_network-ecn_component-0005_stat-beta_contrast-rtpj-minus-sham_clustere_corrp_tstat1.nii.gz		
20	ecn	5	rtpj-minus-sham	C2	negative	tfce	true	true	27	27	true	true	true	true	0.5288	false	ok	derivatives/fsl/dual-regression_denoised_dim-20_task-rest.dr/contrasts/component-0005_stat-beta/randomise/network-ecn/task-rest_network-ecn_component-0005_stat-beta_contrast-rtpj-minus-sham_tfce_corrp_tstat2.nii.gz		
20	ecn	5	rtpj-minus-sham	C2	negative	cluster-extent	true	true	27	27	true	true	true	true	0.4818	false	ok	derivatives/fsl/dual-regression_denoised_dim-20_task-rest.dr/contrasts/component-0005_stat-beta/randomise/network-ecn/task-rest_network-ecn_component-0005_stat-beta_contrast-rtpj-minus-sham_clustere_corrp_tstat2.nii.gz		
20	ecn	5	vlpfc-minus-sham	C1	positive	tfce	true	true	27	27	true	true	true	true	0.2206	false	ok	derivatives/fsl/dual-regression_denoised_dim-20_task-rest.dr/contrasts/component-0005_stat-beta/randomise/network-ecn/task-rest_network-ecn_component-0005_stat-beta_contrast-vlpfc-minus-sham_tfce_corrp_tstat1.nii.gz		
20	ecn	5	vlpfc-minus-sham	C1	positive	cluster-extent	true	true	27	27	true	true	true	true	0.208	false	ok	derivatives/fsl/dual-regression_denoised_dim-20_task-rest.dr/contrasts/component-0005_stat-beta/randomise/network-ecn/task-rest_network-ecn_component-0005_stat-beta_contrast-vlpfc-minus-sham_clustere_corrp_tstat1.nii.gz		
20	ecn	5	vlpfc-minus-sham	C2	negative	tfce	true	true	27	27	true	true	true	true	0.629	false	ok	derivatives/fsl/dual-regression_denoised_dim-20_task-rest.dr/contrasts/component-0005_stat-beta/randomise/network-ecn/task-rest_network-ecn_component-0005_stat-beta_contrast-vlpfc-minus-sham_tfce_corrp_tstat2.nii.gz		
20	ecn	5	vlpfc-minus-sham	C2	negative	cluster-extent	true	true	27	27	true	true	true	true	0.467	false	ok	derivatives/fsl/dual-regression_denoised_dim-20_task-rest.dr/contrasts/component-0005_stat-beta/randomise/network-ecn/task-rest_network-ecn_component-0005_stat-beta_contrast-vlpfc-minus-sham_clustere_corrp_tstat2.nii.gz		
20	ecn	5	both-minus-mean-rtpj-vlpfc	C1	positive	tfce	true	true	27	27	true	true	true	true	0.1736	false	ok	derivatives/fsl/dual-regression_denoised_dim-20_task-rest.dr/contrasts/component-0005_stat-beta/randomise/network-ecn/task-rest_network-ecn_component-0005_stat-beta_contrast-both-minus-mean-rtpj-vlpfc_tfce_corrp_tstat1.nii.gz		
20	ecn	5	both-minus-mean-rtpj-vlpfc	C1	positive	cluster-extent	true	true	27	27	true	true	true	true	0.202	false	ok	derivatives/fsl/dual-regression_denoised_dim-20_task-rest.dr/contrasts/component-0005_stat-beta/randomise/network-ecn/task-rest_network-ecn_component-0005_stat-beta_contrast-both-minus-mean-rtpj-vlpfc_clustere_corrp_tstat1.nii.gz		
20	ecn	5	both-minus-mean-rtpj-vlpfc	C2	negative	tfce	true	true	27	27	true	true	true	true	0.2734	false	ok	derivatives/fsl/dual-regression_denoised_dim-20_task-rest.dr/contrasts/component-0005_stat-beta/randomise/network-ecn/task-rest_network-ecn_component-0005_stat-beta_contrast-both-minus-mean-rtpj-vlpfc_tfce_corrp_tstat2.nii.gz		
20	ecn	5	both-minus-mean-rtpj-vlpfc	C2	negative	cluster-extent	true	true	27	27	true	true	true	true	0.0218	false	ok	derivatives/fsl/dual-regression_denoised_dim-20_task-rest.dr/contrasts/component-0005_stat-beta/randomise/network-ecn/task-rest_network-ecn_component-0005_stat-beta_contrast-both-minus-mean-rtpj-vlpfc_clustere_corrp_tstat2.nii.gz		
20	bilateral-fpn	8	both-minus-sham	C1	positive	tfce	true	true	27	27	true	true	true	true	0.7836	false	ok	derivatives/fsl/dual-regression_denoised_dim-20_task-rest.dr/contrasts/component-0008_stat-beta/randomise/network-bilateral-fpn/task-rest_network-bilateral-fpn_component-0008_stat-beta_contrast-both-minus-sham_tfce_corrp_tstat1.nii.gz		
20	bilateral-fpn	8	both-minus-sham	C1	positive	cluster-extent	true	true	27	27	true	true	true	true	0.576	false	ok	derivatives/fsl/dual-regression_denoised_dim-20_task-rest.dr/contrasts/component-0008_stat-beta/randomise/network-bilateral-fpn/task-rest_network-bilateral-fpn_component-0008_stat-beta_contrast-both-minus-sham_clustere_corrp_tstat1.nii.gz		
20	bilateral-fpn	8	both-minus-sham	C2	negative	tfce	true	true	27	27	true	true	true	true	0.1486	false	ok	derivatives/fsl/dual-regression_denoised_dim-20_task-rest.dr/contrasts/component-0008_stat-beta/randomise/network-bilateral-fpn/task-rest_network-bilateral-fpn_component-0008_stat-beta_contrast-both-minus-sham_tfce_corrp_tstat2.nii.gz		
20	bilateral-fpn	8	both-minus-sham	C2	negative	cluster-extent	true	true	27	27	true	true	true	true	0.0586	false	ok	derivatives/fsl/dual-regression_denoised_dim-20_task-rest.dr/contrasts/component-0008_stat-beta/randomise/network-bilateral-fpn/task-rest_network-bilateral-fpn_component-0008_stat-beta_contrast-both-minus-sham_clustere_corrp_tstat2.nii.gz		
20	bilateral-fpn	8	both-minus-rtpj	C1	positive	tfce	true	true	27	27	true	true	true	true	0.9378	false	ok	derivatives/fsl/dual-regression_denoised_dim-20_task-rest.dr/contrasts/component-0008_stat-beta/randomise/network-bilateral-fpn/task-rest_network-bilateral-fpn_component-0008_stat-beta_contrast-both-minus-rtpj_tfce_corrp_tstat1.nii.gz		
20	bilateral-fpn	8	both-minus-rtpj	C1	positive	cluster-extent	true	true	27	27	true	true	true	true	0.8348	false	ok	derivatives/fsl/dual-regression_denoised_dim-20_task-rest.dr/contrasts/component-0008_stat-beta/randomise/network-bilateral-fpn/task-rest_network-bilateral-fpn_component-0008_stat-beta_contrast-both-minus-rtpj_clustere_corrp_tstat1.nii.gz		
20	bilateral-fpn	8	both-minus-rtpj	C2	negative	tfce	true	true	27	27	true	true	true	true	0.7464	false	ok	derivatives/fsl/dual-regression_denoised_dim-20_task-rest.dr/contrasts/component-0008_stat-beta/randomise/network-bilateral-fpn/task-rest_network-bilateral-fpn_component-0008_stat-beta_contrast-both-minus-rtpj_tfce_corrp_tstat2.nii.gz		
20	bilateral-fpn	8	both-minus-rtpj	C2	negative	cluster-extent	true	true	27	27	true	true	true	true	0.9438	false	ok	derivatives/fsl/dual-regression_denoised_dim-20_task-rest.dr/contrasts/component-0008_stat-beta/randomise/network-bilateral-fpn/task-rest_network-bilateral-fpn_component-0008_stat-beta_contrast-both-minus-rtpj_clustere_corrp_tstat2.nii.gz		
20	bilateral-fpn	8	both-minus-vlpfc	C1	positive	tfce	true	true	27	27	true	true	true	true	0.525	false	ok	derivatives/fsl/dual-regression_denoised_dim-20_task-rest.dr/contrasts/component-0008_stat-beta/randomise/network-bilateral-fpn/task-rest_network-bilateral-fpn_component-0008_stat-beta_contrast-both-minus-vlpfc_tfce_corrp_tstat1.nii.gz		
20	bilateral-fpn	8	both-minus-vlpfc	C1	positive	cluster-extent	true	true	27	27	true	true	true	true	0.0406	false	ok	derivatives/fsl/dual-regression_denoised_dim-20_task-rest.dr/contrasts/component-0008_stat-beta/randomise/network-bilateral-fpn/task-rest_network-bilateral-fpn_component-0008_stat-beta_contrast-both-minus-vlpfc_clustere_corrp_tstat1.nii.gz		
20	bilateral-fpn	8	both-minus-vlpfc	C2	negative	tfce	true	true	27	27	true	true	true	true	0.7948	false	ok	derivatives/fsl/dual-regression_denoised_dim-20_task-rest.dr/contrasts/component-0008_stat-beta/randomise/network-bilateral-fpn/task-rest_network-bilateral-fpn_component-0008_stat-beta_contrast-both-minus-vlpfc_tfce_corrp_tstat2.nii.gz		
20	bilateral-fpn	8	both-minus-vlpfc	C2	negative	cluster-extent	true	true	27	27	true	true	true	true	0.8762	false	ok	derivatives/fsl/dual-regression_denoised_dim-20_task-rest.dr/contrasts/component-0008_stat-beta/randomise/network-bilateral-fpn/task-rest_network-bilateral-fpn_component-0008_stat-beta_contrast-both-minus-vlpfc_clustere_corrp_tstat2.nii.gz		
20	bilateral-fpn	8	rtpj-minus-vlpfc	C1	positive	tfce	true	true	27	27	true	true	true	true	0.1116	false	ok	derivatives/fsl/dual-regression_denoised_dim-20_task-rest.dr/contrasts/component-0008_stat-beta/randomise/network-bilateral-fpn/task-rest_network-bilateral-fpn_component-0008_stat-beta_contrast-rtpj-minus-vlpfc_tfce_corrp_tstat1.nii.gz		
20	bilateral-fpn	8	rtpj-minus-vlpfc	C1	positive	cluster-extent	true	true	27	27	true	true	true	true	0.0378	false	ok	derivatives/fsl/dual-regression_denoised_dim-20_task-rest.dr/contrasts/component-0008_stat-beta/randomise/network-bilateral-fpn/task-rest_network-bilateral-fpn_component-0008_stat-beta_contrast-rtpj-minus-vlpfc_clustere_corrp_tstat1.nii.gz		
20	bilateral-fpn	8	rtpj-minus-vlpfc	C2	negative	tfce	true	true	27	27	true	true	true	true	0.6236	false	ok	derivatives/fsl/dual-regression_denoised_dim-20_task-rest.dr/contrasts/component-0008_stat-beta/randomise/network-bilateral-fpn/task-rest_network-bilateral-fpn_component-0008_stat-beta_contrast-rtpj-minus-vlpfc_tfce_corrp_tstat2.nii.gz		
20	bilateral-fpn	8	rtpj-minus-vlpfc	C2	negative	cluster-extent	true	true	27	27	true	true	true	true	0.9008	false	ok	derivatives/fsl/dual-regression_denoised_dim-20_task-rest.dr/contrasts/component-0008_stat-beta/randomise/network-bilateral-fpn/task-rest_network-bilateral-fpn_component-0008_stat-beta_contrast-rtpj-minus-vlpfc_clustere_corrp_tstat2.nii.gz		
20	bilateral-fpn	8	rtpj-minus-sham	C1	positive	tfce	true	true	27	27	true	true	true	true	0.5462	false	ok	derivatives/fsl/dual-regression_denoised_dim-20_task-rest.dr/contrasts/component-0008_stat-beta/randomise/network-bilateral-fpn/task-rest_network-bilateral-fpn_component-0008_stat-beta_contrast-rtpj-minus-sham_tfce_corrp_tstat1.nii.gz		
20	bilateral-fpn	8	rtpj-minus-sham	C1	positive	cluster-extent	true	true	27	27	true	true	true	true	0.2844	false	ok	derivatives/fsl/dual-regression_denoised_dim-20_task-rest.dr/contrasts/component-0008_stat-beta/randomise/network-bilateral-fpn/task-rest_network-bilateral-fpn_component-0008_stat-beta_contrast-rtpj-minus-sham_clustere_corrp_tstat1.nii.gz		
20	bilateral-fpn	8	rtpj-minus-sham	C2	negative	tfce	true	true	27	27	true	true	true	true	0.2488	false	ok	derivatives/fsl/dual-regression_denoised_dim-20_task-rest.dr/contrasts/component-0008_stat-beta/randomise/network-bilateral-fpn/task-rest_network-bilateral-fpn_component-0008_stat-beta_contrast-rtpj-minus-sham_tfce_corrp_tstat2.nii.gz		
20	bilateral-fpn	8	rtpj-minus-sham	C2	negative	cluster-extent	true	true	27	27	true	true	true	true	0.0534	false	ok	derivatives/fsl/dual-regression_denoised_dim-20_task-rest.dr/contrasts/component-0008_stat-beta/randomise/network-bilateral-fpn/task-rest_network-bilateral-fpn_component-0008_stat-beta_contrast-rtpj-minus-sham_clustere_corrp_tstat2.nii.gz		
20	bilateral-fpn	8	vlpfc-minus-sham	C1	positive	tfce	true	true	27	27	true	true	true	true	0.6412	false	ok	derivatives/fsl/dual-regression_denoised_dim-20_task-rest.dr/contrasts/component-0008_stat-beta/randomise/network-bilateral-fpn/task-rest_network-bilateral-fpn_component-0008_stat-beta_contrast-vlpfc-minus-sham_tfce_corrp_tstat1.nii.gz		
20	bilateral-fpn	8	vlpfc-minus-sham	C1	positive	cluster-extent	true	true	27	27	true	true	true	true	0.7406	false	ok	derivatives/fsl/dual-regression_denoised_dim-20_task-rest.dr/contrasts/component-0008_stat-beta/randomise/network-bilateral-fpn/task-rest_network-bilateral-fpn_component-0008_stat-beta_contrast-vlpfc-minus-sham_clustere_corrp_tstat1.nii.gz		
20	bilateral-fpn	8	vlpfc-minus-sham	C2	negative	tfce	true	true	27	27	true	true	true	true	0.2518	false	ok	derivatives/fsl/dual-regression_denoised_dim-20_task-rest.dr/contrasts/component-0008_stat-beta/randomise/network-bilateral-fpn/task-rest_network-bilateral-fpn_component-0008_stat-beta_contrast-vlpfc-minus-sham_tfce_corrp_tstat2.nii.gz		
20	bilateral-fpn	8	vlpfc-minus-sham	C2	negative	cluster-extent	true	true	27	27	true	true	true	true	0.0388	false	ok	derivatives/fsl/dual-regression_denoised_dim-20_task-rest.dr/contrasts/component-0008_stat-beta/randomise/network-bilateral-fpn/task-rest_network-bilateral-fpn_component-0008_stat-beta_contrast-vlpfc-minus-sham_clustere_corrp_tstat2.nii.gz		
20	bilateral-fpn	8	both-minus-mean-rtpj-vlpfc	C1	positive	tfce	true	true	27	27	true	true	true	true	0.55	false	ok	derivatives/fsl/dual-regression_denoised_dim-20_task-rest.dr/contrasts/component-0008_stat-beta/randomise/network-bilateral-fpn/task-rest_network-bilateral-fpn_component-0008_stat-beta_contrast-both-minus-mean-rtpj-vlpfc_tfce_corrp_tstat1.nii.gz		
20	bilateral-fpn	8	both-minus-mean-rtpj-vlpfc	C1	positive	cluster-extent	true	true	27	27	true	true	true	true	0.061	false	ok	derivatives/fsl/dual-regression_denoised_dim-20_task-rest.dr/contrasts/component-0008_stat-beta/randomise/network-bilateral-fpn/task-rest_network-bilateral-fpn_component-0008_stat-beta_contrast-both-minus-mean-rtpj-vlpfc_clustere_corrp_tstat1.nii.gz		
20	bilateral-fpn	8	both-minus-mean-rtpj-vlpfc	C2	negative	tfce	true	true	27	27	true	true	true	true	0.2494	false	ok	derivatives/fsl/dual-regression_denoised_dim-20_task-rest.dr/contrasts/component-0008_stat-beta/randomise/network-bilateral-fpn/task-rest_network-bilateral-fpn_component-0008_stat-beta_contrast-both-minus-mean-rtpj-vlpfc_tfce_corrp_tstat2.nii.gz		
20	bilateral-fpn	8	both-minus-mean-rtpj-vlpfc	C2	negative	cluster-extent	true	true	27	27	true	true	true	true	0.7658	false	ok	derivatives/fsl/dual-regression_denoised_dim-20_task-rest.dr/contrasts/component-0008_stat-beta/randomise/network-bilateral-fpn/task-rest_network-bilateral-fpn_component-0008_stat-beta_contrast-both-minus-mean-rtpj-vlpfc_clustere_corrp_tstat2.nii.gz		
