sensitivity_label	excluded_participants	analysis	network	component	condition_contrast	design_contrast	direction	inference	design_con_valid	group_input_exists	expected_participants	group_input_volumes	group_input_complete	completion_marker_exists	tstat_exists	corrp_exists	peak_corrp	peak_gt_threshold	status	corrp_file	copied_image	copied_sidecar	roi_values_tsv
none		0	primary-visual	10	both-minus-sham	C1	positive	cluster-extent	true	true	27	27	true	true	true	true	0.7288	false	ok	derivatives/fsl/dual-regression_denoised_dim-00_task-rest.dr/contrasts/component-0010_stat-beta/randomise/network-primary-visual/task-rest_network-primary-visual_component-0010_stat-beta_contrast-both-minus-sham_clustere_corrp_tstat1.nii.gz			
none		0	primary-visual	10	both-minus-sham	C2	negative	cluster-extent	true	true	27	27	true	true	true	true	0.0538	false	ok	derivatives/fsl/dual-regression_denoised_dim-00_task-rest.dr/contrasts/component-0010_stat-beta/randomise/network-primary-visual/task-rest_network-primary-visual_component-0010_stat-beta_contrast-both-minus-sham_clustere_corrp_tstat2.nii.gz			
none		0	primary-visual	10	both-minus-rtpj	C1	positive	cluster-extent	true	true	27	27	true	true	true	true	0.8772	false	ok	derivatives/fsl/dual-regression_denoised_dim-00_task-rest.dr/contrasts/component-0010_stat-beta/randomise/network-primary-visual/task-rest_network-primary-visual_component-0010_stat-beta_contrast-both-minus-rtpj_clustere_corrp_tstat1.nii.gz			
none		0	primary-visual	10	both-minus-rtpj	C2	negative	cluster-extent	true	true	27	27	true	true	true	true	0.0404	false	ok	derivatives/fsl/dual-regression_denoised_dim-00_task-rest.dr/contrasts/component-0010_stat-beta/randomise/network-primary-visual/task-rest_network-primary-visual_component-0010_stat-beta_contrast-both-minus-rtpj_clustere_corrp_tstat2.nii.gz			
none		0	primary-visual	10	both-minus-vlpfc	C1	positive	cluster-extent	true	true	27	27	true	true	true	true	0.0464	false	ok	derivatives/fsl/dual-regression_denoised_dim-00_task-rest.dr/contrasts/component-0010_stat-beta/randomise/network-primary-visual/task-rest_network-primary-visual_component-0010_stat-beta_contrast-both-minus-vlpfc_clustere_corrp_tstat1.nii.gz			
none		0	primary-visual	10	both-minus-vlpfc	C2	negative	cluster-extent	true	true	27	27	true	true	true	true	0.0402	false	ok	derivatives/fsl/dual-regression_denoised_dim-00_task-rest.dr/contrasts/component-0010_stat-beta/randomise/network-primary-visual/task-rest_network-primary-visual_component-0010_stat-beta_contrast-both-minus-vlpfc_clustere_corrp_tstat2.nii.gz			
none		0	primary-visual	10	rtpj-minus-vlpfc	C1	positive	cluster-extent	true	true	27	27	true	true	true	true	0.0468	false	ok	derivatives/fsl/dual-regression_denoised_dim-00_task-rest.dr/contrasts/component-0010_stat-beta/randomise/network-primary-visual/task-rest_network-primary-visual_component-0010_stat-beta_contrast-rtpj-minus-vlpfc_clustere_corrp_tstat1.nii.gz			
none		0	primary-visual	10	rtpj-minus-vlpfc	C2	negative	cluster-extent	true	true	27	27	true	true	true	true	0.688	false	ok	derivatives/fsl/dual-regression_denoised_dim-00_task-rest.dr/contrasts/component-0010_stat-beta/randomise/network-primary-visual/task-rest_network-primary-visual_component-0010_stat-beta_contrast-rtpj-minus-vlpfc_clustere_corrp_tstat2.nii.gz			
none		0	primary-visual	10	rtpj-minus-sham	C1	positive	cluster-extent	true	true	27	27	true	true	true	true	0.0536	false	ok	derivatives/fsl/dual-regression_denoised_dim-00_task-rest.dr/contrasts/component-0010_stat-beta/randomise/network-primary-visual/task-rest_network-primary-visual_component-0010_stat-beta_contrast-rtpj-minus-sham_clustere_corrp_tstat1.nii.gz			
none		0	primary-visual	10	rtpj-minus-sham	C2	negative	cluster-extent	true	true	27	27	true	true	true	true	0.0534	false	ok	derivatives/fsl/dual-regression_denoised_dim-00_task-rest.dr/contrasts/component-0010_stat-beta/randomise/network-primary-visual/task-rest_network-primary-visual_component-0010_stat-beta_contrast-rtpj-minus-sham_clustere_corrp_tstat2.nii.gz			
none		0	primary-visual	10	vlpfc-minus-sham	C1	positive	cluster-extent	true	true	27	27	true	true	true	true	0.7326	false	ok	derivatives/fsl/dual-regression_denoised_dim-00_task-rest.dr/contrasts/component-0010_stat-beta/randomise/network-primary-visual/task-rest_network-primary-visual_component-0010_stat-beta_contrast-vlpfc-minus-sham_clustere_corrp_tstat1.nii.gz			
none		0	primary-visual	10	vlpfc-minus-sham	C2	negative	cluster-extent	true	true	27	27	true	true	true	true	0.4038	false	ok	derivatives/fsl/dual-regression_denoised_dim-00_task-rest.dr/contrasts/component-0010_stat-beta/randomise/network-primary-visual/task-rest_network-primary-visual_component-0010_stat-beta_contrast-vlpfc-minus-sham_clustere_corrp_tstat2.nii.gz			
none		0	primary-visual	10	both-minus-mean-rtpj-vlpfc	C1	positive	cluster-extent	true	true	27	27	true	true	true	true	0.3686	false	ok	derivatives/fsl/dual-regression_denoised_dim-00_task-rest.dr/contrasts/component-0010_stat-beta/randomise/network-primary-visual/task-rest_network-primary-visual_component-0010_stat-beta_contrast-both-minus-mean-rtpj-vlpfc_clustere_corrp_tstat1.nii.gz			
none		0	primary-visual	10	both-minus-mean-rtpj-vlpfc	C2	negative	cluster-extent	true	true	27	27	true	true	true	true	0.0394	false	ok	derivatives/fsl/dual-regression_denoised_dim-00_task-rest.dr/contrasts/component-0010_stat-beta/randomise/network-primary-visual/task-rest_network-primary-visual_component-0010_stat-beta_contrast-both-minus-mean-rtpj-vlpfc_clustere_corrp_tstat2.nii.gz			
none		0	occipital-pole	32	both-minus-sham	C1	positive	cluster-extent	true	true	27	27	true	true	true	true	0.4442	false	ok	derivatives/fsl/dual-regression_denoised_dim-00_task-rest.dr/contrasts/component-0032_stat-beta/randomise/network-occipital-pole/task-rest_network-occipital-pole_component-0032_stat-beta_contrast-both-minus-sham_clustere_corrp_tstat1.nii.gz			
none		0	occipital-pole	32	both-minus-sham	C2	negative	cluster-extent	true	true	27	27	true	true	true	true	0.0624	false	ok	derivatives/fsl/dual-regression_denoised_dim-00_task-rest.dr/contrasts/component-0032_stat-beta/randomise/network-occipital-pole/task-rest_network-occipital-pole_component-0032_stat-beta_contrast-both-minus-sham_clustere_corrp_tstat2.nii.gz			
none		0	occipital-pole	32	both-minus-rtpj	C1	positive	cluster-extent	true	true	27	27	true	true	true	true	0.0544	false	ok	derivatives/fsl/dual-regression_denoised_dim-00_task-rest.dr/contrasts/component-0032_stat-beta/randomise/network-occipital-pole/task-rest_network-occipital-pole_component-0032_stat-beta_contrast-both-minus-rtpj_clustere_corrp_tstat1.nii.gz			
none		0	occipital-pole	32	both-minus-rtpj	C2	negative	cluster-extent	true	true	27	27	true	true	true	true	0.903	false	ok	derivatives/fsl/dual-regression_denoised_dim-00_task-rest.dr/contrasts/component-0032_stat-beta/randomise/network-occipital-pole/task-rest_network-occipital-pole_component-0032_stat-beta_contrast-both-minus-rtpj_clustere_corrp_tstat2.nii.gz			
none		0	occipital-pole	32	both-minus-vlpfc	C1	positive	cluster-extent	true	true	27	27	true	true	true	true	0.7652	false	ok	derivatives/fsl/dual-regression_denoised_dim-00_task-rest.dr/contrasts/component-0032_stat-beta/randomise/network-occipital-pole/task-rest_network-occipital-pole_component-0032_stat-beta_contrast-both-minus-vlpfc_clustere_corrp_tstat1.nii.gz			
none		0	occipital-pole	32	both-minus-vlpfc	C2	negative	cluster-extent	true	true	27	27	true	true	true	true	0.0718	false	ok	derivatives/fsl/dual-regression_denoised_dim-00_task-rest.dr/contrasts/component-0032_stat-beta/randomise/network-occipital-pole/task-rest_network-occipital-pole_component-0032_stat-beta_contrast-both-minus-vlpfc_clustere_corrp_tstat2.nii.gz			
none		0	occipital-pole	32	rtpj-minus-vlpfc	C1	positive	cluster-extent	true	true	27	27	true	true	true	true	0.3908	false	ok	derivatives/fsl/dual-regression_denoised_dim-00_task-rest.dr/contrasts/component-0032_stat-beta/randomise/network-occipital-pole/task-rest_network-occipital-pole_component-0032_stat-beta_contrast-rtpj-minus-vlpfc_clustere_corrp_tstat1.nii.gz			
none		0	occipital-pole	32	rtpj-minus-vlpfc	C2	negative	cluster-extent	true	true	27	27	true	true	true	true	0.06	false	ok	derivatives/fsl/dual-regression_denoised_dim-00_task-rest.dr/contrasts/component-0032_stat-beta/randomise/network-occipital-pole/task-rest_network-occipital-pole_component-0032_stat-beta_contrast-rtpj-minus-vlpfc_clustere_corrp_tstat2.nii.gz			
none		0	occipital-pole	32	rtpj-minus-sham	C1	positive	cluster-extent	true	true	27	27	true	true	true	true	0.0574	false	ok	derivatives/fsl/dual-regression_denoised_dim-00_task-rest.dr/contrasts/component-0032_stat-beta/randomise/network-occipital-pole/task-rest_network-occipital-pole_component-0032_stat-beta_contrast-rtpj-minus-sham_clustere_corrp_tstat1.nii.gz			
none		0	occipital-pole	32	rtpj-minus-sham	C2	negative	cluster-extent	true	true	27	27	true	true	true	true	0.7456	false	ok	derivatives/fsl/dual-regression_denoised_dim-00_task-rest.dr/contrasts/component-0032_stat-beta/randomise/network-occipital-pole/task-rest_network-occipital-pole_component-0032_stat-beta_contrast-rtpj-minus-sham_clustere_corrp_tstat2.nii.gz			
none		0	occipital-pole	32	vlpfc-minus-sham	C1	positive	cluster-extent	true	true	27	27	true	true	true	true	0.3992	false	ok	derivatives/fsl/dual-regression_denoised_dim-00_task-rest.dr/contrasts/component-0032_stat-beta/randomise/network-occipital-pole/task-rest_network-occipital-pole_component-0032_stat-beta_contrast-vlpfc-minus-sham_clustere_corrp_tstat1.nii.gz			
none		0	occipital-pole	32	vlpfc-minus-sham	C2	negative	cluster-extent	true	true	27	27	true	true	true	true	0.0564	false	ok	derivatives/fsl/dual-regression_denoised_dim-00_task-rest.dr/contrasts/component-0032_stat-beta/randomise/network-occipital-pole/task-rest_network-occipital-pole_component-0032_stat-beta_contrast-vlpfc-minus-sham_clustere_corrp_tstat2.nii.gz			
none		0	occipital-pole	32	both-minus-mean-rtpj-vlpfc	C1	positive	cluster-extent	true	true	27	27	true	true	true	true	0.062	false	ok	derivatives/fsl/dual-regression_denoised_dim-00_task-rest.dr/contrasts/component-0032_stat-beta/randomise/network-occipital-pole/task-rest_network-occipital-pole_component-0032_stat-beta_contrast-both-minus-mean-rtpj-vlpfc_clustere_corrp_tstat1.nii.gz			
none		0	occipital-pole	32	both-minus-mean-rtpj-vlpfc	C2	negative	cluster-extent	true	true	27	27	true	true	true	true	0.7768	false	ok	derivatives/fsl/dual-regression_denoised_dim-00_task-rest.dr/contrasts/component-0032_stat-beta/randomise/network-occipital-pole/task-rest_network-occipital-pole_component-0032_stat-beta_contrast-both-minus-mean-rtpj-vlpfc_clustere_corrp_tstat2.nii.gz			
none		0	lateral-visual	17	both-minus-sham	C1	positive	cluster-extent	true	true	27	27	true	true	true	true	0	false	ok	derivatives/fsl/dual-regression_denoised_dim-00_task-rest.dr/contrasts/component-0017_stat-beta/randomise/network-lateral-visual/task-rest_network-lateral-visual_component-0017_stat-beta_contrast-both-minus-sham_clustere_corrp_tstat1.nii.gz			
none		0	lateral-visual	17	both-minus-sham	C2	negative	cluster-extent	true	true	27	27	true	true	true	true	0.0572	false	ok	derivatives/fsl/dual-regression_denoised_dim-00_task-rest.dr/contrasts/component-0017_stat-beta/randomise/network-lateral-visual/task-rest_network-lateral-visual_component-0017_stat-beta_contrast-both-minus-sham_clustere_corrp_tstat2.nii.gz			
none		0	lateral-visual	17	both-minus-rtpj	C1	positive	cluster-extent	true	true	27	27	true	true	true	true	0.3512	false	ok	derivatives/fsl/dual-regression_denoised_dim-00_task-rest.dr/contrasts/component-0017_stat-beta/randomise/network-lateral-visual/task-rest_network-lateral-visual_component-0017_stat-beta_contrast-both-minus-rtpj_clustere_corrp_tstat1.nii.gz			
none		0	lateral-visual	17	both-minus-rtpj	C2	negative	cluster-extent	true	true	27	27	true	true	true	true	0.6974	false	ok	derivatives/fsl/dual-regression_denoised_dim-00_task-rest.dr/contrasts/component-0017_stat-beta/randomise/network-lateral-visual/task-rest_network-lateral-visual_component-0017_stat-beta_contrast-both-minus-rtpj_clustere_corrp_tstat2.nii.gz			
none		0	lateral-visual	17	both-minus-vlpfc	C1	positive	cluster-extent	true	true	27	27	true	true	true	true	0.3668	false	ok	derivatives/fsl/dual-regression_denoised_dim-00_task-rest.dr/contrasts/component-0017_stat-beta/randomise/network-lateral-visual/task-rest_network-lateral-visual_component-0017_stat-beta_contrast-both-minus-vlpfc_clustere_corrp_tstat1.nii.gz			
none		0	lateral-visual	17	both-minus-vlpfc	C2	negative	cluster-extent	true	true	27	27	true	true	true	true	0.3598	false	ok	derivatives/fsl/dual-regression_denoised_dim-00_task-rest.dr/contrasts/component-0017_stat-beta/randomise/network-lateral-visual/task-rest_network-lateral-visual_component-0017_stat-beta_contrast-both-minus-vlpfc_clustere_corrp_tstat2.nii.gz			
none		0	lateral-visual	17	rtpj-minus-vlpfc	C1	positive	cluster-extent	true	true	27	27	true	true	true	true	0.3422	false	ok	derivatives/fsl/dual-regression_denoised_dim-00_task-rest.dr/contrasts/component-0017_stat-beta/randomise/network-lateral-visual/task-rest_network-lateral-visual_component-0017_stat-beta_contrast-rtpj-minus-vlpfc_clustere_corrp_tstat1.nii.gz			
none		0	lateral-visual	17	rtpj-minus-vlpfc	C2	negative	cluster-extent	true	true	27	27	true	true	true	true	0.3418	false	ok	derivatives/fsl/dual-regression_denoised_dim-00_task-rest.dr/contrasts/component-0017_stat-beta/randomise/network-lateral-visual/task-rest_network-lateral-visual_component-0017_stat-beta_contrast-rtpj-minus-vlpfc_clustere_corrp_tstat2.nii.gz			
none		0	lateral-visual	17	rtpj-minus-sham	C1	positive	cluster-extent	true	true	27	27	true	true	true	true	0.3816	false	ok	derivatives/fsl/dual-regression_denoised_dim-00_task-rest.dr/contrasts/component-0017_stat-beta/randomise/network-lateral-visual/task-rest_network-lateral-visual_component-0017_stat-beta_contrast-rtpj-minus-sham_clustere_corrp_tstat1.nii.gz			
none		0	lateral-visual	17	rtpj-minus-sham	C2	negative	cluster-extent	true	true	27	27	true	true	true	true	0.3728	false	ok	derivatives/fsl/dual-regression_denoised_dim-00_task-rest.dr/contrasts/component-0017_stat-beta/randomise/network-lateral-visual/task-rest_network-lateral-visual_component-0017_stat-beta_contrast-rtpj-minus-sham_clustere_corrp_tstat2.nii.gz			
none		0	lateral-visual	17	vlpfc-minus-sham	C1	positive	cluster-extent	true	true	27	27	true	true	true	true	0.712	false	ok	derivatives/fsl/dual-regression_denoised_dim-00_task-rest.dr/contrasts/component-0017_stat-beta/randomise/network-lateral-visual/task-rest_network-lateral-visual_component-0017_stat-beta_contrast-vlpfc-minus-sham_clustere_corrp_tstat1.nii.gz			
none		0	lateral-visual	17	vlpfc-minus-sham	C2	negative	cluster-extent	true	true	27	27	true	true	true	true	0.368	false	ok	derivatives/fsl/dual-regression_denoised_dim-00_task-rest.dr/contrasts/component-0017_stat-beta/randomise/network-lateral-visual/task-rest_network-lateral-visual_component-0017_stat-beta_contrast-vlpfc-minus-sham_clustere_corrp_tstat2.nii.gz			
none		0	lateral-visual	17	both-minus-mean-rtpj-vlpfc	C1	positive	cluster-extent	true	true	27	27	true	true	true	true	0.3508	false	ok	derivatives/fsl/dual-regression_denoised_dim-00_task-rest.dr/contrasts/component-0017_stat-beta/randomise/network-lateral-visual/task-rest_network-lateral-visual_component-0017_stat-beta_contrast-both-minus-mean-rtpj-vlpfc_clustere_corrp_tstat1.nii.gz			
none		0	lateral-visual	17	both-minus-mean-rtpj-vlpfc	C2	negative	cluster-extent	true	true	27	27	true	true	true	true	0.3522	false	ok	derivatives/fsl/dual-regression_denoised_dim-00_task-rest.dr/contrasts/component-0017_stat-beta/randomise/network-lateral-visual/task-rest_network-lateral-visual_component-0017_stat-beta_contrast-both-minus-mean-rtpj-vlpfc_clustere_corrp_tstat2.nii.gz			
none		0	sensorimotor	22	both-minus-sham	C1	positive	cluster-extent	true	true	27	27	true	true	true	true	0.0864	false	ok	derivatives/fsl/dual-regression_denoised_dim-00_task-rest.dr/contrasts/component-0022_stat-beta/randomise/network-sensorimotor/task-rest_network-sensorimotor_component-0022_stat-beta_contrast-both-minus-sham_clustere_corrp_tstat1.nii.gz			
none		0	sensorimotor	22	both-minus-sham	C2	negative	cluster-extent	true	true	27	27	true	true	true	true	0.0796	false	ok	derivatives/fsl/dual-regression_denoised_dim-00_task-rest.dr/contrasts/component-0022_stat-beta/randomise/network-sensorimotor/task-rest_network-sensorimotor_component-0022_stat-beta_contrast-both-minus-sham_clustere_corrp_tstat2.nii.gz			
none		0	sensorimotor	22	both-minus-rtpj	C1	positive	cluster-extent	true	true	27	27	true	true	true	true	0.7862	false	ok	derivatives/fsl/dual-regression_denoised_dim-00_task-rest.dr/contrasts/component-0022_stat-beta/randomise/network-sensorimotor/task-rest_network-sensorimotor_component-0022_stat-beta_contrast-both-minus-rtpj_clustere_corrp_tstat1.nii.gz			
none		0	sensorimotor	22	both-minus-rtpj	C2	negative	cluster-extent	true	true	27	27	true	true	true	true	0.772	false	ok	derivatives/fsl/dual-regression_denoised_dim-00_task-rest.dr/contrasts/component-0022_stat-beta/randomise/network-sensorimotor/task-rest_network-sensorimotor_component-0022_stat-beta_contrast-both-minus-rtpj_clustere_corrp_tstat2.nii.gz			
none		0	sensorimotor	22	both-minus-vlpfc	C1	positive	cluster-extent	true	true	27	27	true	true	true	true	0.0002	false	ok	derivatives/fsl/dual-regression_denoised_dim-00_task-rest.dr/contrasts/component-0022_stat-beta/randomise/network-sensorimotor/task-rest_network-sensorimotor_component-0022_stat-beta_contrast-both-minus-vlpfc_clustere_corrp_tstat1.nii.gz			
none		0	sensorimotor	22	both-minus-vlpfc	C2	negative	cluster-extent	true	true	27	27	true	true	true	true	0.7982	false	ok	derivatives/fsl/dual-regression_denoised_dim-00_task-rest.dr/contrasts/component-0022_stat-beta/randomise/network-sensorimotor/task-rest_network-sensorimotor_component-0022_stat-beta_contrast-both-minus-vlpfc_clustere_corrp_tstat2.nii.gz			
none		0	sensorimotor	22	rtpj-minus-vlpfc	C1	positive	cluster-extent	true	true	27	27	true	true	true	true	0.0654	false	ok	derivatives/fsl/dual-regression_denoised_dim-00_task-rest.dr/contrasts/component-0022_stat-beta/randomise/network-sensorimotor/task-rest_network-sensorimotor_component-0022_stat-beta_contrast-rtpj-minus-vlpfc_clustere_corrp_tstat1.nii.gz			
none		0	sensorimotor	22	rtpj-minus-vlpfc	C2	negative	cluster-extent	true	true	27	27	true	true	true	true	0.07	false	ok	derivatives/fsl/dual-regression_denoised_dim-00_task-rest.dr/contrasts/component-0022_stat-beta/randomise/network-sensorimotor/task-rest_network-sensorimotor_component-0022_stat-beta_contrast-rtpj-minus-vlpfc_clustere_corrp_tstat2.nii.gz			
none		0	sensorimotor	22	rtpj-minus-sham	C1	positive	cluster-extent	true	true	27	27	true	true	true	true	0.06	false	ok	derivatives/fsl/dual-regression_denoised_dim-00_task-rest.dr/contrasts/component-0022_stat-beta/randomise/network-sensorimotor/task-rest_network-sensorimotor_component-0022_stat-beta_contrast-rtpj-minus-sham_clustere_corrp_tstat1.nii.gz			
none		0	sensorimotor	22	rtpj-minus-sham	C2	negative	cluster-extent	true	true	27	27	true	true	true	true	0	false	ok	derivatives/fsl/dual-regression_denoised_dim-00_task-rest.dr/contrasts/component-0022_stat-beta/randomise/network-sensorimotor/task-rest_network-sensorimotor_component-0022_stat-beta_contrast-rtpj-minus-sham_clustere_corrp_tstat2.nii.gz			
none		0	sensorimotor	22	vlpfc-minus-sham	C1	positive	cluster-extent	true	true	27	27	true	true	true	true	0.9728	true	ok	derivatives/fsl/dual-regression_denoised_dim-00_task-rest.dr/contrasts/component-0022_stat-beta/randomise/network-sensorimotor/task-rest_network-sensorimotor_component-0022_stat-beta_contrast-vlpfc-minus-sham_clustere_corrp_tstat1.nii.gz	derivatives/fsl/randomise_summary/task-rest_space-MNI152NLin6Asym_desc-dim00SensorimotorComp0022VlpfcMinusShamPositiveClusterExtentCorrp_stat-corrp_statmap.nii.gz	derivatives/fsl/randomise_summary/task-rest_space-MNI152NLin6Asym_desc-dim00SensorimotorComp0022VlpfcMinusShamPositiveClusterExtentCorrp_stat-corrp_statmap.json	derivatives/fsl/randomise_summary/task-rest_space-MNI152NLin6Asym_desc-dim00SensorimotorComp0022VlpfcMinusShamPositiveClusterExtentCorrp_stat-stage2Beta_timeseries.tsv
none		0	sensorimotor	22	vlpfc-minus-sham	C2	negative	cluster-extent	true	true	27	27	true	true	true	true	0.4422	false	ok	derivatives/fsl/dual-regression_denoised_dim-00_task-rest.dr/contrasts/component-0022_stat-beta/randomise/network-sensorimotor/task-rest_network-sensorimotor_component-0022_stat-beta_contrast-vlpfc-minus-sham_clustere_corrp_tstat2.nii.gz			
none		0	sensorimotor	22	both-minus-mean-rtpj-vlpfc	C1	positive	cluster-extent	true	true	27	27	true	true	true	true	0.0858	false	ok	derivatives/fsl/dual-regression_denoised_dim-00_task-rest.dr/contrasts/component-0022_stat-beta/randomise/network-sensorimotor/task-rest_network-sensorimotor_component-0022_stat-beta_contrast-both-minus-mean-rtpj-vlpfc_clustere_corrp_tstat1.nii.gz			
none		0	sensorimotor	22	both-minus-mean-rtpj-vlpfc	C2	negative	cluster-extent	true	true	27	27	true	true	true	true	0.8006	false	ok	derivatives/fsl/dual-regression_denoised_dim-00_task-rest.dr/contrasts/component-0022_stat-beta/randomise/network-sensorimotor/task-rest_network-sensorimotor_component-0022_stat-beta_contrast-both-minus-mean-rtpj-vlpfc_clustere_corrp_tstat2.nii.gz			
none		0	auditory	55	both-minus-sham	C1	positive	cluster-extent	true	true	27	27	true	true	true	true	0.7092	false	ok	derivatives/fsl/dual-regression_denoised_dim-00_task-rest.dr/contrasts/component-0055_stat-beta/randomise/network-auditory/task-rest_network-auditory_component-0055_stat-beta_contrast-both-minus-sham_clustere_corrp_tstat1.nii.gz			
none		0	auditory	55	both-minus-sham	C2	negative	cluster-extent	true	true	27	27	true	true	true	true	0.72	false	ok	derivatives/fsl/dual-regression_denoised_dim-00_task-rest.dr/contrasts/component-0055_stat-beta/randomise/network-auditory/task-rest_network-auditory_component-0055_stat-beta_contrast-both-minus-sham_clustere_corrp_tstat2.nii.gz			
none		0	auditory	55	both-minus-rtpj	C1	positive	cluster-extent	true	true	27	27	true	true	true	true	0.0412	false	ok	derivatives/fsl/dual-regression_denoised_dim-00_task-rest.dr/contrasts/component-0055_stat-beta/randomise/network-auditory/task-rest_network-auditory_component-0055_stat-beta_contrast-both-minus-rtpj_clustere_corrp_tstat1.nii.gz			
none		0	auditory	55	both-minus-rtpj	C2	negative	cluster-extent	true	true	27	27	true	true	true	true	0.3444	false	ok	derivatives/fsl/dual-regression_denoised_dim-00_task-rest.dr/contrasts/component-0055_stat-beta/randomise/network-auditory/task-rest_network-auditory_component-0055_stat-beta_contrast-both-minus-rtpj_clustere_corrp_tstat2.nii.gz			
none		0	auditory	55	both-minus-vlpfc	C1	positive	cluster-extent	true	true	27	27	true	true	true	true	0.0426	false	ok	derivatives/fsl/dual-regression_denoised_dim-00_task-rest.dr/contrasts/component-0055_stat-beta/randomise/network-auditory/task-rest_network-auditory_component-0055_stat-beta_contrast-both-minus-vlpfc_clustere_corrp_tstat1.nii.gz			
none		0	auditory	55	both-minus-vlpfc	C2	negative	cluster-extent	true	true	27	27	true	true	true	true	0.3498	false	ok	derivatives/fsl/dual-regression_denoised_dim-00_task-rest.dr/contrasts/component-0055_stat-beta/randomise/network-auditory/task-rest_network-auditory_component-0055_stat-beta_contrast-both-minus-vlpfc_clustere_corrp_tstat2.nii.gz			
none		0	auditory	55	rtpj-minus-vlpfc	C1	positive	cluster-extent	true	true	27	27	true	true	true	true	0.0424	false	ok	derivatives/fsl/dual-regression_denoised_dim-00_task-rest.dr/contrasts/component-0055_stat-beta/randomise/network-auditory/task-rest_network-auditory_component-0055_stat-beta_contrast-rtpj-minus-vlpfc_clustere_corrp_tstat1.nii.gz			
none		0	auditory	55	rtpj-minus-vlpfc	C2	negative	cluster-extent	true	true	27	27	true	true	true	true	0.895	false	ok	derivatives/fsl/dual-regression_denoised_dim-00_task-rest.dr/contrasts/component-0055_stat-beta/randomise/network-auditory/task-rest_network-auditory_component-0055_stat-beta_contrast-rtpj-minus-vlpfc_clustere_corrp_tstat2.nii.gz			
none		0	auditory	55	rtpj-minus-sham	C1	positive	cluster-extent	true	true	27	27	true	true	true	true	0.961	true	ok	derivatives/fsl/dual-regression_denoised_dim-00_task-rest.dr/contrasts/component-0055_stat-beta/randomise/network-auditory/task-rest_network-auditory_component-0055_stat-beta_contrast-rtpj-minus-sham_clustere_corrp_tstat1.nii.gz	derivatives/fsl/randomise_summary/task-rest_space-MNI152NLin6Asym_desc-dim00AuditoryComp0055RtpjMinusShamPositiveClusterExtentCorrp_stat-corrp_statmap.nii.gz	derivatives/fsl/randomise_summary/task-rest_space-MNI152NLin6Asym_desc-dim00AuditoryComp0055RtpjMinusShamPositiveClusterExtentCorrp_stat-corrp_statmap.json	derivatives/fsl/randomise_summary/task-rest_space-MNI152NLin6Asym_desc-dim00AuditoryComp0055RtpjMinusShamPositiveClusterExtentCorrp_stat-stage2Beta_timeseries.tsv
none		0	auditory	55	rtpj-minus-sham	C2	negative	cluster-extent	true	true	27	27	true	true	true	true	0.0518	false	ok	derivatives/fsl/dual-regression_denoised_dim-00_task-rest.dr/contrasts/component-0055_stat-beta/randomise/network-auditory/task-rest_network-auditory_component-0055_stat-beta_contrast-rtpj-minus-sham_clustere_corrp_tstat2.nii.gz			
none		0	auditory	55	vlpfc-minus-sham	C1	positive	cluster-extent	true	true	27	27	true	true	true	true	0.0546	false	ok	derivatives/fsl/dual-regression_denoised_dim-00_task-rest.dr/contrasts/component-0055_stat-beta/randomise/network-auditory/task-rest_network-auditory_component-0055_stat-beta_contrast-vlpfc-minus-sham_clustere_corrp_tstat1.nii.gz			
none		0	auditory	55	vlpfc-minus-sham	C2	negative	cluster-extent	true	true	27	27	true	true	true	true	0.403	false	ok	derivatives/fsl/dual-regression_denoised_dim-00_task-rest.dr/contrasts/component-0055_stat-beta/randomise/network-auditory/task-rest_network-auditory_component-0055_stat-beta_contrast-vlpfc-minus-sham_clustere_corrp_tstat2.nii.gz			
none		0	auditory	55	both-minus-mean-rtpj-vlpfc	C1	positive	cluster-extent	true	true	27	27	true	true	true	true	0.0378	false	ok	derivatives/fsl/dual-regression_denoised_dim-00_task-rest.dr/contrasts/component-0055_stat-beta/randomise/network-auditory/task-rest_network-auditory_component-0055_stat-beta_contrast-both-minus-mean-rtpj-vlpfc_clustere_corrp_tstat1.nii.gz			
none		0	auditory	55	both-minus-mean-rtpj-vlpfc	C2	negative	cluster-extent	true	true	27	27	true	true	true	true	0.6872	false	ok	derivatives/fsl/dual-regression_denoised_dim-00_task-rest.dr/contrasts/component-0055_stat-beta/randomise/network-auditory/task-rest_network-auditory_component-0055_stat-beta_contrast-both-minus-mean-rtpj-vlpfc_clustere_corrp_tstat2.nii.gz			
none		20	primary-visual-lateral-visual	6	both-minus-sham	C1	positive	cluster-extent	true	true	27	27	true	true	true	true	0.5124	false	ok	derivatives/fsl/dual-regression_denoised_dim-20_task-rest.dr/contrasts/component-0006_stat-beta/randomise/network-primary-visual-lateral-visual/task-rest_network-primary-visual-lateral-visual_component-0006_stat-beta_contrast-both-minus-sham_clustere_corrp_tstat1.nii.gz			
none		20	primary-visual-lateral-visual	6	both-minus-sham	C2	negative	cluster-extent	true	true	27	27	true	true	true	true	0.0004	false	ok	derivatives/fsl/dual-regression_denoised_dim-20_task-rest.dr/contrasts/component-0006_stat-beta/randomise/network-primary-visual-lateral-visual/task-rest_network-primary-visual-lateral-visual_component-0006_stat-beta_contrast-both-minus-sham_clustere_corrp_tstat2.nii.gz			
none		20	primary-visual-lateral-visual	6	both-minus-rtpj	C1	positive	cluster-extent	true	true	27	27	true	true	true	true	0.6724	false	ok	derivatives/fsl/dual-regression_denoised_dim-20_task-rest.dr/contrasts/component-0006_stat-beta/randomise/network-primary-visual-lateral-visual/task-rest_network-primary-visual-lateral-visual_component-0006_stat-beta_contrast-both-minus-rtpj_clustere_corrp_tstat1.nii.gz			
none		20	primary-visual-lateral-visual	6	both-minus-rtpj	C2	negative	cluster-extent	true	true	27	27	true	true	true	true	0.0292	false	ok	derivatives/fsl/dual-regression_denoised_dim-20_task-rest.dr/contrasts/component-0006_stat-beta/randomise/network-primary-visual-lateral-visual/task-rest_network-primary-visual-lateral-visual_component-0006_stat-beta_contrast-both-minus-rtpj_clustere_corrp_tstat2.nii.gz			
none		20	primary-visual-lateral-visual	6	both-minus-vlpfc	C1	positive	cluster-extent	true	true	27	27	true	true	true	true	0.9806	true	ok	derivatives/fsl/dual-regression_denoised_dim-20_task-rest.dr/contrasts/component-0006_stat-beta/randomise/network-primary-visual-lateral-visual/task-rest_network-primary-visual-lateral-visual_component-0006_stat-beta_contrast-both-minus-vlpfc_clustere_corrp_tstat1.nii.gz	derivatives/fsl/randomise_summary/task-rest_space-MNI152NLin6Asym_desc-dim20PrimaryVisualLateralVisualComp0006BothMinusVlpfcPositiveClusterExtentCorrp_stat-corrp_statmap.nii.gz	derivatives/fsl/randomise_summary/task-rest_space-MNI152NLin6Asym_desc-dim20PrimaryVisualLateralVisualComp0006BothMinusVlpfcPositiveClusterExtentCorrp_stat-corrp_statmap.json	derivatives/fsl/randomise_summary/task-rest_space-MNI152NLin6Asym_desc-dim20PrimaryVisualLateralVisualComp0006BothMinusVlpfcPositiveClusterExtentCorrp_stat-stage2Beta_timeseries.tsv
none		20	primary-visual-lateral-visual	6	both-minus-vlpfc	C2	negative	cluster-extent	true	true	27	27	true	true	true	true	0.4938	false	ok	derivatives/fsl/dual-regression_denoised_dim-20_task-rest.dr/contrasts/component-0006_stat-beta/randomise/network-primary-visual-lateral-visual/task-rest_network-primary-visual-lateral-visual_component-0006_stat-beta_contrast-both-minus-vlpfc_clustere_corrp_tstat2.nii.gz			
none		20	primary-visual-lateral-visual	6	rtpj-minus-vlpfc	C1	positive	cluster-extent	true	true	27	27	true	true	true	true	0.6832	false	ok	derivatives/fsl/dual-regression_denoised_dim-20_task-rest.dr/contrasts/component-0006_stat-beta/randomise/network-primary-visual-lateral-visual/task-rest_network-primary-visual-lateral-visual_component-0006_stat-beta_contrast-rtpj-minus-vlpfc_clustere_corrp_tstat1.nii.gz			
none		20	primary-visual-lateral-visual	6	rtpj-minus-vlpfc	C2	negative	cluster-extent	true	true	27	27	true	true	true	true	0.6816	false	ok	derivatives/fsl/dual-regression_denoised_dim-20_task-rest.dr/contrasts/component-0006_stat-beta/randomise/network-primary-visual-lateral-visual/task-rest_network-primary-visual-lateral-visual_component-0006_stat-beta_contrast-rtpj-minus-vlpfc_clustere_corrp_tstat2.nii.gz			
none		20	primary-visual-lateral-visual	6	rtpj-minus-sham	C1	positive	cluster-extent	true	true	27	27	true	true	true	true	0.0212	false	ok	derivatives/fsl/dual-regression_denoised_dim-20_task-rest.dr/contrasts/component-0006_stat-beta/randomise/network-primary-visual-lateral-visual/task-rest_network-primary-visual-lateral-visual_component-0006_stat-beta_contrast-rtpj-minus-sham_clustere_corrp_tstat1.nii.gz			
none		20	primary-visual-lateral-visual	6	rtpj-minus-sham	C2	negative	cluster-extent	true	true	27	27	true	true	true	true	0.497	false	ok	derivatives/fsl/dual-regression_denoised_dim-20_task-rest.dr/contrasts/component-0006_stat-beta/randomise/network-primary-visual-lateral-visual/task-rest_network-primary-visual-lateral-visual_component-0006_stat-beta_contrast-rtpj-minus-sham_clustere_corrp_tstat2.nii.gz			
none		20	primary-visual-lateral-visual	6	vlpfc-minus-sham	C1	positive	cluster-extent	true	true	27	27	true	true	true	true	0.2338	false	ok	derivatives/fsl/dual-regression_denoised_dim-20_task-rest.dr/contrasts/component-0006_stat-beta/randomise/network-primary-visual-lateral-visual/task-rest_network-primary-visual-lateral-visual_component-0006_stat-beta_contrast-vlpfc-minus-sham_clustere_corrp_tstat1.nii.gz			
none		20	primary-visual-lateral-visual	6	vlpfc-minus-sham	C2	negative	cluster-extent	true	true	27	27	true	true	true	true	0.7258	false	ok	derivatives/fsl/dual-regression_denoised_dim-20_task-rest.dr/contrasts/component-0006_stat-beta/randomise/network-primary-visual-lateral-visual/task-rest_network-primary-visual-lateral-visual_component-0006_stat-beta_contrast-vlpfc-minus-sham_clustere_corrp_tstat2.nii.gz			
none		20	primary-visual-lateral-visual	6	both-minus-mean-rtpj-vlpfc	C1	positive	cluster-extent	true	true	27	27	true	true	true	true	0.9422	false	ok	derivatives/fsl/dual-regression_denoised_dim-20_task-rest.dr/contrasts/component-0006_stat-beta/randomise/network-primary-visual-lateral-visual/task-rest_network-primary-visual-lateral-visual_component-0006_stat-beta_contrast-both-minus-mean-rtpj-vlpfc_clustere_corrp_tstat1.nii.gz			
none		20	primary-visual-lateral-visual	6	both-minus-mean-rtpj-vlpfc	C2	negative	cluster-extent	true	true	27	27	true	true	true	true	0.03	false	ok	derivatives/fsl/dual-regression_denoised_dim-20_task-rest.dr/contrasts/component-0006_stat-beta/randomise/network-primary-visual-lateral-visual/task-rest_network-primary-visual-lateral-visual_component-0006_stat-beta_contrast-both-minus-mean-rtpj-vlpfc_clustere_corrp_tstat2.nii.gz			
none		20	occipital-pole	17	both-minus-sham	C1	positive	cluster-extent	true	true	27	27	true	true	true	true	0.2928	false	ok	derivatives/fsl/dual-regression_denoised_dim-20_task-rest.dr/contrasts/component-0017_stat-beta/randomise/network-occipital-pole/task-rest_network-occipital-pole_component-0017_stat-beta_contrast-both-minus-sham_clustere_corrp_tstat1.nii.gz			
none		20	occipital-pole	17	both-minus-sham	C2	negative	cluster-extent	true	true	27	27	true	true	true	true	0.9936	true	ok	derivatives/fsl/dual-regression_denoised_dim-20_task-rest.dr/contrasts/component-0017_stat-beta/randomise/network-occipital-pole/task-rest_network-occipital-pole_component-0017_stat-beta_contrast-both-minus-sham_clustere_corrp_tstat2.nii.gz	derivatives/fsl/randomise_summary/task-rest_space-MNI152NLin6Asym_desc-dim20OccipitalPoleComp0017BothMinusShamNegativeClusterExtentCorrp_stat-corrp_statmap.nii.gz	derivatives/fsl/randomise_summary/task-rest_space-MNI152NLin6Asym_desc-dim20OccipitalPoleComp0017BothMinusShamNegativeClusterExtentCorrp_stat-corrp_statmap.json	derivatives/fsl/randomise_summary/task-rest_space-MNI152NLin6Asym_desc-dim20OccipitalPoleComp0017BothMinusShamNegativeClusterExtentCorrp_stat-stage2Beta_timeseries.tsv
none		20	occipital-pole	17	both-minus-rtpj	C1	positive	cluster-extent	true	true	27	27	true	true	true	true	0.0438	false	ok	derivatives/fsl/dual-regression_denoised_dim-20_task-rest.dr/contrasts/component-0017_stat-beta/randomise/network-occipital-pole/task-rest_network-occipital-pole_component-0017_stat-beta_contrast-both-minus-rtpj_clustere_corrp_tstat1.nii.gz			
none		20	occipital-pole	17	both-minus-rtpj	C2	negative	cluster-extent	true	true	27	27	true	true	true	true	0.7598	false	ok	derivatives/fsl/dual-regression_denoised_dim-20_task-rest.dr/contrasts/component-0017_stat-beta/randomise/network-occipital-pole/task-rest_network-occipital-pole_component-0017_stat-beta_contrast-both-minus-rtpj_clustere_corrp_tstat2.nii.gz			
none		20	occipital-pole	17	both-minus-vlpfc	C1	positive	cluster-extent	true	true	27	27	true	true	true	true	0.7634	false	ok	derivatives/fsl/dual-regression_denoised_dim-20_task-rest.dr/contrasts/component-0017_stat-beta/randomise/network-occipital-pole/task-rest_network-occipital-pole_component-0017_stat-beta_contrast-both-minus-vlpfc_clustere_corrp_tstat1.nii.gz			
none		20	occipital-pole	17	both-minus-vlpfc	C2	negative	cluster-extent	true	true	27	27	true	true	true	true	0.8752	false	ok	derivatives/fsl/dual-regression_denoised_dim-20_task-rest.dr/contrasts/component-0017_stat-beta/randomise/network-occipital-pole/task-rest_network-occipital-pole_component-0017_stat-beta_contrast-both-minus-vlpfc_clustere_corrp_tstat2.nii.gz			
none		20	occipital-pole	17	rtpj-minus-vlpfc	C1	positive	cluster-extent	true	true	27	27	true	true	true	true	0.541	false	ok	derivatives/fsl/dual-regression_denoised_dim-20_task-rest.dr/contrasts/component-0017_stat-beta/randomise/network-occipital-pole/task-rest_network-occipital-pole_component-0017_stat-beta_contrast-rtpj-minus-vlpfc_clustere_corrp_tstat1.nii.gz			
none		20	occipital-pole	17	rtpj-minus-vlpfc	C2	negative	cluster-extent	true	true	27	27	true	true	true	true	0.5344	false	ok	derivatives/fsl/dual-regression_denoised_dim-20_task-rest.dr/contrasts/component-0017_stat-beta/randomise/network-occipital-pole/task-rest_network-occipital-pole_component-0017_stat-beta_contrast-rtpj-minus-vlpfc_clustere_corrp_tstat2.nii.gz			
none		20	occipital-pole	17	rtpj-minus-sham	C1	positive	cluster-extent	true	true	27	27	true	true	true	true	0.2852	false	ok	derivatives/fsl/dual-regression_denoised_dim-20_task-rest.dr/contrasts/component-0017_stat-beta/randomise/network-occipital-pole/task-rest_network-occipital-pole_component-0017_stat-beta_contrast-rtpj-minus-sham_clustere_corrp_tstat1.nii.gz			
none		20	occipital-pole	17	rtpj-minus-sham	C2	negative	cluster-extent	true	true	27	27	true	true	true	true	0.8646	false	ok	derivatives/fsl/dual-regression_denoised_dim-20_task-rest.dr/contrasts/component-0017_stat-beta/randomise/network-occipital-pole/task-rest_network-occipital-pole_component-0017_stat-beta_contrast-rtpj-minus-sham_clustere_corrp_tstat2.nii.gz			
none		20	occipital-pole	17	vlpfc-minus-sham	C1	positive	cluster-extent	true	true	27	27	true	true	true	true	0.2662	false	ok	derivatives/fsl/dual-regression_denoised_dim-20_task-rest.dr/contrasts/component-0017_stat-beta/randomise/network-occipital-pole/task-rest_network-occipital-pole_component-0017_stat-beta_contrast-vlpfc-minus-sham_clustere_corrp_tstat1.nii.gz			
none		20	occipital-pole	17	vlpfc-minus-sham	C2	negative	cluster-extent	true	true	27	27	true	true	true	true	0.5314	false	ok	derivatives/fsl/dual-regression_denoised_dim-20_task-rest.dr/contrasts/component-0017_stat-beta/randomise/network-occipital-pole/task-rest_network-occipital-pole_component-0017_stat-beta_contrast-vlpfc-minus-sham_clustere_corrp_tstat2.nii.gz			
none		20	occipital-pole	17	both-minus-mean-rtpj-vlpfc	C1	positive	cluster-extent	true	true	27	27	true	true	true	true	0.051	false	ok	derivatives/fsl/dual-regression_denoised_dim-20_task-rest.dr/contrasts/component-0017_stat-beta/randomise/network-occipital-pole/task-rest_network-occipital-pole_component-0017_stat-beta_contrast-both-minus-mean-rtpj-vlpfc_clustere_corrp_tstat1.nii.gz			
none		20	occipital-pole	17	both-minus-mean-rtpj-vlpfc	C2	negative	cluster-extent	true	true	27	27	true	true	true	true	0.783	false	ok	derivatives/fsl/dual-regression_denoised_dim-20_task-rest.dr/contrasts/component-0017_stat-beta/randomise/network-occipital-pole/task-rest_network-occipital-pole_component-0017_stat-beta_contrast-both-minus-mean-rtpj-vlpfc_clustere_corrp_tstat2.nii.gz			
none		20	sensorimotor	3	both-minus-sham	C1	positive	cluster-extent	true	true	27	27	true	true	true	true	0.2696	false	ok	derivatives/fsl/dual-regression_denoised_dim-20_task-rest.dr/contrasts/component-0003_stat-beta/randomise/network-sensorimotor/task-rest_network-sensorimotor_component-0003_stat-beta_contrast-both-minus-sham_clustere_corrp_tstat1.nii.gz			
none		20	sensorimotor	3	both-minus-sham	C2	negative	cluster-extent	true	true	27	27	true	true	true	true	0.0486	false	ok	derivatives/fsl/dual-regression_denoised_dim-20_task-rest.dr/contrasts/component-0003_stat-beta/randomise/network-sensorimotor/task-rest_network-sensorimotor_component-0003_stat-beta_contrast-both-minus-sham_clustere_corrp_tstat2.nii.gz			
none		20	sensorimotor	3	both-minus-rtpj	C1	positive	cluster-extent	true	true	27	27	true	true	true	true	0.2612	false	ok	derivatives/fsl/dual-regression_denoised_dim-20_task-rest.dr/contrasts/component-0003_stat-beta/randomise/network-sensorimotor/task-rest_network-sensorimotor_component-0003_stat-beta_contrast-both-minus-rtpj_clustere_corrp_tstat1.nii.gz			
none		20	sensorimotor	3	both-minus-rtpj	C2	negative	cluster-extent	true	true	27	27	true	true	true	true	0.0446	false	ok	derivatives/fsl/dual-regression_denoised_dim-20_task-rest.dr/contrasts/component-0003_stat-beta/randomise/network-sensorimotor/task-rest_network-sensorimotor_component-0003_stat-beta_contrast-both-minus-rtpj_clustere_corrp_tstat2.nii.gz			
none		20	sensorimotor	3	both-minus-vlpfc	C1	positive	cluster-extent	true	true	27	27	true	true	true	true	0.5708	false	ok	derivatives/fsl/dual-regression_denoised_dim-20_task-rest.dr/contrasts/component-0003_stat-beta/randomise/network-sensorimotor/task-rest_network-sensorimotor_component-0003_stat-beta_contrast-both-minus-vlpfc_clustere_corrp_tstat1.nii.gz			
none		20	sensorimotor	3	both-minus-vlpfc	C2	negative	cluster-extent	true	true	27	27	true	true	true	true	0.0442	false	ok	derivatives/fsl/dual-regression_denoised_dim-20_task-rest.dr/contrasts/component-0003_stat-beta/randomise/network-sensorimotor/task-rest_network-sensorimotor_component-0003_stat-beta_contrast-both-minus-vlpfc_clustere_corrp_tstat2.nii.gz			
none		20	sensorimotor	3	rtpj-minus-vlpfc	C1	positive	cluster-extent	true	true	27	27	true	true	true	true	0.0344	false	ok	derivatives/fsl/dual-regression_denoised_dim-20_task-rest.dr/contrasts/component-0003_stat-beta/randomise/network-sensorimotor/task-rest_network-sensorimotor_component-0003_stat-beta_contrast-rtpj-minus-vlpfc_clustere_corrp_tstat1.nii.gz			
none		20	sensorimotor	3	rtpj-minus-vlpfc	C2	negative	cluster-extent	true	true	27	27	true	true	true	true	0	false	ok	derivatives/fsl/dual-regression_denoised_dim-20_task-rest.dr/contrasts/component-0003_stat-beta/randomise/network-sensorimotor/task-rest_network-sensorimotor_component-0003_stat-beta_contrast-rtpj-minus-vlpfc_clustere_corrp_tstat2.nii.gz			
none		20	sensorimotor	3	rtpj-minus-sham	C1	positive	cluster-extent	true	true	27	27	true	true	true	true	0.9634	true	ok	derivatives/fsl/dual-regression_denoised_dim-20_task-rest.dr/contrasts/component-0003_stat-beta/randomise/network-sensorimotor/task-rest_network-sensorimotor_component-0003_stat-beta_contrast-rtpj-minus-sham_clustere_corrp_tstat1.nii.gz	derivatives/fsl/randomise_summary/task-rest_space-MNI152NLin6Asym_desc-dim20SensorimotorComp0003RtpjMinusShamPositiveClusterExtentCorrp_stat-corrp_statmap.nii.gz	derivatives/fsl/randomise_summary/task-rest_space-MNI152NLin6Asym_desc-dim20SensorimotorComp0003RtpjMinusShamPositiveClusterExtentCorrp_stat-corrp_statmap.json	derivatives/fsl/randomise_summary/task-rest_space-MNI152NLin6Asym_desc-dim20SensorimotorComp0003RtpjMinusShamPositiveClusterExtentCorrp_stat-stage2Beta_timeseries.tsv
none		20	sensorimotor	3	rtpj-minus-sham	C2	negative	cluster-extent	true	true	27	27	true	true	true	true	0.8758	false	ok	derivatives/fsl/dual-regression_denoised_dim-20_task-rest.dr/contrasts/component-0003_stat-beta/randomise/network-sensorimotor/task-rest_network-sensorimotor_component-0003_stat-beta_contrast-rtpj-minus-sham_clustere_corrp_tstat2.nii.gz			
none		20	sensorimotor	3	vlpfc-minus-sham	C1	positive	cluster-extent	true	true	27	27	true	true	true	true	0.0562	false	ok	derivatives/fsl/dual-regression_denoised_dim-20_task-rest.dr/contrasts/component-0003_stat-beta/randomise/network-sensorimotor/task-rest_network-sensorimotor_component-0003_stat-beta_contrast-vlpfc-minus-sham_clustere_corrp_tstat1.nii.gz			
none		20	sensorimotor	3	vlpfc-minus-sham	C2	negative	cluster-extent	true	true	27	27	true	true	true	true	0.057	false	ok	derivatives/fsl/dual-regression_denoised_dim-20_task-rest.dr/contrasts/component-0003_stat-beta/randomise/network-sensorimotor/task-rest_network-sensorimotor_component-0003_stat-beta_contrast-vlpfc-minus-sham_clustere_corrp_tstat2.nii.gz			
none		20	sensorimotor	3	both-minus-mean-rtpj-vlpfc	C1	positive	cluster-extent	true	true	27	27	true	true	true	true	0.2692	false	ok	derivatives/fsl/dual-regression_denoised_dim-20_task-rest.dr/contrasts/component-0003_stat-beta/randomise/network-sensorimotor/task-rest_network-sensorimotor_component-0003_stat-beta_contrast-both-minus-mean-rtpj-vlpfc_clustere_corrp_tstat1.nii.gz			
none		20	sensorimotor	3	both-minus-mean-rtpj-vlpfc	C2	negative	cluster-extent	true	true	27	27	true	true	true	true	0.0446	false	ok	derivatives/fsl/dual-regression_denoised_dim-20_task-rest.dr/contrasts/component-0003_stat-beta/randomise/network-sensorimotor/task-rest_network-sensorimotor_component-0003_stat-beta_contrast-both-minus-mean-rtpj-vlpfc_clustere_corrp_tstat2.nii.gz			
none		20	auditory	11	both-minus-sham	C1	positive	cluster-extent	true	true	27	27	true	true	true	true	0.7188	false	ok	derivatives/fsl/dual-regression_denoised_dim-20_task-rest.dr/contrasts/component-0011_stat-beta/randomise/network-auditory/task-rest_network-auditory_component-0011_stat-beta_contrast-both-minus-sham_clustere_corrp_tstat1.nii.gz			
none		20	auditory	11	both-minus-sham	C2	negative	cluster-extent	true	true	27	27	true	true	true	true	0.2384	false	ok	derivatives/fsl/dual-regression_denoised_dim-20_task-rest.dr/contrasts/component-0011_stat-beta/randomise/network-auditory/task-rest_network-auditory_component-0011_stat-beta_contrast-both-minus-sham_clustere_corrp_tstat2.nii.gz			
none		20	auditory	11	both-minus-rtpj	C1	positive	cluster-extent	true	true	27	27	true	true	true	true	0.9442	false	ok	derivatives/fsl/dual-regression_denoised_dim-20_task-rest.dr/contrasts/component-0011_stat-beta/randomise/network-auditory/task-rest_network-auditory_component-0011_stat-beta_contrast-both-minus-rtpj_clustere_corrp_tstat1.nii.gz			
none		20	auditory	11	both-minus-rtpj	C2	negative	cluster-extent	true	true	27	27	true	true	true	true	0.2222	false	ok	derivatives/fsl/dual-regression_denoised_dim-20_task-rest.dr/contrasts/component-0011_stat-beta/randomise/network-auditory/task-rest_network-auditory_component-0011_stat-beta_contrast-both-minus-rtpj_clustere_corrp_tstat2.nii.gz			
none		20	auditory	11	both-minus-vlpfc	C1	positive	cluster-extent	true	true	27	27	true	true	true	true	0.8458	false	ok	derivatives/fsl/dual-regression_denoised_dim-20_task-rest.dr/contrasts/component-0011_stat-beta/randomise/network-auditory/task-rest_network-auditory_component-0011_stat-beta_contrast-both-minus-vlpfc_clustere_corrp_tstat1.nii.gz			
none		20	auditory	11	both-minus-vlpfc	C2	negative	cluster-extent	true	true	27	27	true	true	true	true	0.7226	false	ok	derivatives/fsl/dual-regression_denoised_dim-20_task-rest.dr/contrasts/component-0011_stat-beta/randomise/network-auditory/task-rest_network-auditory_component-0011_stat-beta_contrast-both-minus-vlpfc_clustere_corrp_tstat2.nii.gz			
none		20	auditory	11	rtpj-minus-vlpfc	C1	positive	cluster-extent	true	true	27	27	true	true	true	true	0.032	false	ok	derivatives/fsl/dual-regression_denoised_dim-20_task-rest.dr/contrasts/component-0011_stat-beta/randomise/network-auditory/task-rest_network-auditory_component-0011_stat-beta_contrast-rtpj-minus-vlpfc_clustere_corrp_tstat1.nii.gz			
none		20	auditory	11	rtpj-minus-vlpfc	C2	negative	cluster-extent	true	true	27	27	true	true	true	true	0.5008	false	ok	derivatives/fsl/dual-regression_denoised_dim-20_task-rest.dr/contrasts/component-0011_stat-beta/randomise/network-auditory/task-rest_network-auditory_component-0011_stat-beta_contrast-rtpj-minus-vlpfc_clustere_corrp_tstat2.nii.gz			
none		20	auditory	11	rtpj-minus-sham	C1	positive	cluster-extent	true	true	27	27	true	true	true	true	0.0002	false	ok	derivatives/fsl/dual-regression_denoised_dim-20_task-rest.dr/contrasts/component-0011_stat-beta/randomise/network-auditory/task-rest_network-auditory_component-0011_stat-beta_contrast-rtpj-minus-sham_clustere_corrp_tstat1.nii.gz			
none		20	auditory	11	rtpj-minus-sham	C2	negative	cluster-extent	true	true	27	27	true	true	true	true	0.9052	false	ok	derivatives/fsl/dual-regression_denoised_dim-20_task-rest.dr/contrasts/component-0011_stat-beta/randomise/network-auditory/task-rest_network-auditory_component-0011_stat-beta_contrast-rtpj-minus-sham_clustere_corrp_tstat2.nii.gz			
none		20	auditory	11	vlpfc-minus-sham	C1	positive	cluster-extent	true	true	27	27	true	true	true	true	0.7176	false	ok	derivatives/fsl/dual-regression_denoised_dim-20_task-rest.dr/contrasts/component-0011_stat-beta/randomise/network-auditory/task-rest_network-auditory_component-0011_stat-beta_contrast-vlpfc-minus-sham_clustere_corrp_tstat1.nii.gz			
none		20	auditory	11	vlpfc-minus-sham	C2	negative	cluster-extent	true	true	27	27	true	true	true	true	0.0312	false	ok	derivatives/fsl/dual-regression_denoised_dim-20_task-rest.dr/contrasts/component-0011_stat-beta/randomise/network-auditory/task-rest_network-auditory_component-0011_stat-beta_contrast-vlpfc-minus-sham_clustere_corrp_tstat2.nii.gz			
none		20	auditory	11	both-minus-mean-rtpj-vlpfc	C1	positive	cluster-extent	true	true	27	27	true	true	true	true	0.9494	false	ok	derivatives/fsl/dual-regression_denoised_dim-20_task-rest.dr/contrasts/component-0011_stat-beta/randomise/network-auditory/task-rest_network-auditory_component-0011_stat-beta_contrast-both-minus-mean-rtpj-vlpfc_clustere_corrp_tstat1.nii.gz			
none		20	auditory	11	both-minus-mean-rtpj-vlpfc	C2	negative	cluster-extent	true	true	27	27	true	true	true	true	0.7124	false	ok	derivatives/fsl/dual-regression_denoised_dim-20_task-rest.dr/contrasts/component-0011_stat-beta/randomise/network-auditory/task-rest_network-auditory_component-0011_stat-beta_contrast-both-minus-mean-rtpj-vlpfc_clustere_corrp_tstat2.nii.gz			
none		smith09	primary-visual	1	both-minus-sham	C1	positive	cluster-extent	true	true	27	27	true	true	true	true	0.692	false	ok	derivatives/fsl/dual-regression_smith09_denoised.dr/contrasts/component-0001_stat-beta/randomise/network-primary-visual/task-rest_network-primary-visual_component-0001_stat-beta_contrast-both-minus-sham_clustere_corrp_tstat1.nii.gz			
none		smith09	primary-visual	1	both-minus-sham	C2	negative	cluster-extent	true	true	27	27	true	true	true	true	0.692	false	ok	derivatives/fsl/dual-regression_smith09_denoised.dr/contrasts/component-0001_stat-beta/randomise/network-primary-visual/task-rest_network-primary-visual_component-0001_stat-beta_contrast-both-minus-sham_clustere_corrp_tstat2.nii.gz			
none		smith09	primary-visual	1	both-minus-rtpj	C1	positive	cluster-extent	true	true	27	27	true	true	true	true	0.277	false	ok	derivatives/fsl/dual-regression_smith09_denoised.dr/contrasts/component-0001_stat-beta/randomise/network-primary-visual/task-rest_network-primary-visual_component-0001_stat-beta_contrast-both-minus-rtpj_clustere_corrp_tstat1.nii.gz			
none		smith09	primary-visual	1	both-minus-rtpj	C2	negative	cluster-extent	true	true	27	27	true	true	true	true	0.2738	false	ok	derivatives/fsl/dual-regression_smith09_denoised.dr/contrasts/component-0001_stat-beta/randomise/network-primary-visual/task-rest_network-primary-visual_component-0001_stat-beta_contrast-both-minus-rtpj_clustere_corrp_tstat2.nii.gz			
none		smith09	primary-visual	1	both-minus-vlpfc	C1	positive	cluster-extent	true	true	27	27	true	true	true	true	0.5088	false	ok	derivatives/fsl/dual-regression_smith09_denoised.dr/contrasts/component-0001_stat-beta/randomise/network-primary-visual/task-rest_network-primary-visual_component-0001_stat-beta_contrast-both-minus-vlpfc_clustere_corrp_tstat1.nii.gz			
none		smith09	primary-visual	1	both-minus-vlpfc	C2	negative	cluster-extent	true	true	27	27	true	true	true	true	0.704	false	ok	derivatives/fsl/dual-regression_smith09_denoised.dr/contrasts/component-0001_stat-beta/randomise/network-primary-visual/task-rest_network-primary-visual_component-0001_stat-beta_contrast-both-minus-vlpfc_clustere_corrp_tstat2.nii.gz			
none		smith09	primary-visual	1	rtpj-minus-vlpfc	C1	positive	cluster-extent	true	true	27	27	true	true	true	true	0.6672	false	ok	derivatives/fsl/dual-regression_smith09_denoised.dr/contrasts/component-0001_stat-beta/randomise/network-primary-visual/task-rest_network-primary-visual_component-0001_stat-beta_contrast-rtpj-minus-vlpfc_clustere_corrp_tstat1.nii.gz			
none		smith09	primary-visual	1	rtpj-minus-vlpfc	C2	negative	cluster-extent	true	true	27	27	true	true	true	true	0.0784	false	ok	derivatives/fsl/dual-regression_smith09_denoised.dr/contrasts/component-0001_stat-beta/randomise/network-primary-visual/task-rest_network-primary-visual_component-0001_stat-beta_contrast-rtpj-minus-vlpfc_clustere_corrp_tstat2.nii.gz			
none		smith09	primary-visual	1	rtpj-minus-sham	C1	positive	cluster-extent	true	true	27	27	true	true	true	true	0.9416	false	ok	derivatives/fsl/dual-regression_smith09_denoised.dr/contrasts/component-0001_stat-beta/randomise/network-primary-visual/task-rest_network-primary-visual_component-0001_stat-beta_contrast-rtpj-minus-sham_clustere_corrp_tstat1.nii.gz			
none		smith09	primary-visual	1	rtpj-minus-sham	C2	negative	cluster-extent	true	true	27	27	true	true	true	true	0.0032	false	ok	derivatives/fsl/dual-regression_smith09_denoised.dr/contrasts/component-0001_stat-beta/randomise/network-primary-visual/task-rest_network-primary-visual_component-0001_stat-beta_contrast-rtpj-minus-sham_clustere_corrp_tstat2.nii.gz			
none		smith09	primary-visual	1	vlpfc-minus-sham	C1	positive	cluster-extent	true	true	27	27	true	true	true	true	0.554	false	ok	derivatives/fsl/dual-regression_smith09_denoised.dr/contrasts/component-0001_stat-beta/randomise/network-primary-visual/task-rest_network-primary-visual_component-0001_stat-beta_contrast-vlpfc-minus-sham_clustere_corrp_tstat1.nii.gz			
none		smith09	primary-visual	1	vlpfc-minus-sham	C2	negative	cluster-extent	true	true	27	27	true	true	true	true	0.083	false	ok	derivatives/fsl/dual-regression_smith09_denoised.dr/contrasts/component-0001_stat-beta/randomise/network-primary-visual/task-rest_network-primary-visual_component-0001_stat-beta_contrast-vlpfc-minus-sham_clustere_corrp_tstat2.nii.gz			
none		smith09	primary-visual	1	both-minus-mean-rtpj-vlpfc	C1	positive	cluster-extent	true	true	27	27	true	true	true	true	0.5124	false	ok	derivatives/fsl/dual-regression_smith09_denoised.dr/contrasts/component-0001_stat-beta/randomise/network-primary-visual/task-rest_network-primary-visual_component-0001_stat-beta_contrast-both-minus-mean-rtpj-vlpfc_clustere_corrp_tstat1.nii.gz			
none		smith09	primary-visual	1	both-minus-mean-rtpj-vlpfc	C2	negative	cluster-extent	true	true	27	27	true	true	true	true	0.5168	false	ok	derivatives/fsl/dual-regression_smith09_denoised.dr/contrasts/component-0001_stat-beta/randomise/network-primary-visual/task-rest_network-primary-visual_component-0001_stat-beta_contrast-both-minus-mean-rtpj-vlpfc_clustere_corrp_tstat2.nii.gz			
none		smith09	occipital-pole	2	both-minus-sham	C1	positive	cluster-extent	true	true	27	27	true	true	true	true	0.308	false	ok	derivatives/fsl/dual-regression_smith09_denoised.dr/contrasts/component-0002_stat-beta/randomise/network-occipital-pole/task-rest_network-occipital-pole_component-0002_stat-beta_contrast-both-minus-sham_clustere_corrp_tstat1.nii.gz			
none		smith09	occipital-pole	2	both-minus-sham	C2	negative	cluster-extent	true	true	27	27	true	true	true	true	0.719	false	ok	derivatives/fsl/dual-regression_smith09_denoised.dr/contrasts/component-0002_stat-beta/randomise/network-occipital-pole/task-rest_network-occipital-pole_component-0002_stat-beta_contrast-both-minus-sham_clustere_corrp_tstat2.nii.gz			
none		smith09	occipital-pole	2	both-minus-rtpj	C1	positive	cluster-extent	true	true	27	27	true	true	true	true	0.8298	false	ok	derivatives/fsl/dual-regression_smith09_denoised.dr/contrasts/component-0002_stat-beta/randomise/network-occipital-pole/task-rest_network-occipital-pole_component-0002_stat-beta_contrast-both-minus-rtpj_clustere_corrp_tstat1.nii.gz			
none		smith09	occipital-pole	2	both-minus-rtpj	C2	negative	cluster-extent	true	true	27	27	true	true	true	true	0.0592	false	ok	derivatives/fsl/dual-regression_smith09_denoised.dr/contrasts/component-0002_stat-beta/randomise/network-occipital-pole/task-rest_network-occipital-pole_component-0002_stat-beta_contrast-both-minus-rtpj_clustere_corrp_tstat2.nii.gz			
none		smith09	occipital-pole	2	both-minus-vlpfc	C1	positive	cluster-extent	true	true	27	27	true	true	true	true	0.9394	false	ok	derivatives/fsl/dual-regression_smith09_denoised.dr/contrasts/component-0002_stat-beta/randomise/network-occipital-pole/task-rest_network-occipital-pole_component-0002_stat-beta_contrast-both-minus-vlpfc_clustere_corrp_tstat1.nii.gz			
none		smith09	occipital-pole	2	both-minus-vlpfc	C2	negative	cluster-extent	true	true	27	27	true	true	true	true	0.0028	false	ok	derivatives/fsl/dual-regression_smith09_denoised.dr/contrasts/component-0002_stat-beta/randomise/network-occipital-pole/task-rest_network-occipital-pole_component-0002_stat-beta_contrast-both-minus-vlpfc_clustere_corrp_tstat2.nii.gz			
none		smith09	occipital-pole	2	rtpj-minus-vlpfc	C1	positive	cluster-extent	true	true	27	27	true	true	true	true	0.4886	false	ok	derivatives/fsl/dual-regression_smith09_denoised.dr/contrasts/component-0002_stat-beta/randomise/network-occipital-pole/task-rest_network-occipital-pole_component-0002_stat-beta_contrast-rtpj-minus-vlpfc_clustere_corrp_tstat1.nii.gz			
none		smith09	occipital-pole	2	rtpj-minus-vlpfc	C2	negative	cluster-extent	true	true	27	27	true	true	true	true	0.2538	false	ok	derivatives/fsl/dual-regression_smith09_denoised.dr/contrasts/component-0002_stat-beta/randomise/network-occipital-pole/task-rest_network-occipital-pole_component-0002_stat-beta_contrast-rtpj-minus-vlpfc_clustere_corrp_tstat2.nii.gz			
none		smith09	occipital-pole	2	rtpj-minus-sham	C1	positive	cluster-extent	true	true	27	27	true	true	true	true	0.2482	false	ok	derivatives/fsl/dual-regression_smith09_denoised.dr/contrasts/component-0002_stat-beta/randomise/network-occipital-pole/task-rest_network-occipital-pole_component-0002_stat-beta_contrast-rtpj-minus-sham_clustere_corrp_tstat1.nii.gz			
none		smith09	occipital-pole	2	rtpj-minus-sham	C2	negative	cluster-extent	true	true	27	27	true	true	true	true	0.4892	false	ok	derivatives/fsl/dual-regression_smith09_denoised.dr/contrasts/component-0002_stat-beta/randomise/network-occipital-pole/task-rest_network-occipital-pole_component-0002_stat-beta_contrast-rtpj-minus-sham_clustere_corrp_tstat2.nii.gz			
none		smith09	occipital-pole	2	vlpfc-minus-sham	C1	positive	cluster-extent	true	true	27	27	true	true	true	true	0.283	false	ok	derivatives/fsl/dual-regression_smith09_denoised.dr/contrasts/component-0002_stat-beta/randomise/network-occipital-pole/task-rest_network-occipital-pole_component-0002_stat-beta_contrast-vlpfc-minus-sham_clustere_corrp_tstat1.nii.gz			
none		smith09	occipital-pole	2	vlpfc-minus-sham	C2	negative	cluster-extent	true	true	27	27	true	true	true	true	0.8482	false	ok	derivatives/fsl/dual-regression_smith09_denoised.dr/contrasts/component-0002_stat-beta/randomise/network-occipital-pole/task-rest_network-occipital-pole_component-0002_stat-beta_contrast-vlpfc-minus-sham_clustere_corrp_tstat2.nii.gz			
none		smith09	occipital-pole	2	both-minus-mean-rtpj-vlpfc	C1	positive	cluster-extent	true	true	27	27	true	true	true	true	0.9058	false	ok	derivatives/fsl/dual-regression_smith09_denoised.dr/contrasts/component-0002_stat-beta/randomise/network-occipital-pole/task-rest_network-occipital-pole_component-0002_stat-beta_contrast-both-minus-mean-rtpj-vlpfc_clustere_corrp_tstat1.nii.gz			
none		smith09	occipital-pole	2	both-minus-mean-rtpj-vlpfc	C2	negative	cluster-extent	true	true	27	27	true	true	true	true	0.0894	false	ok	derivatives/fsl/dual-regression_smith09_denoised.dr/contrasts/component-0002_stat-beta/randomise/network-occipital-pole/task-rest_network-occipital-pole_component-0002_stat-beta_contrast-both-minus-mean-rtpj-vlpfc_clustere_corrp_tstat2.nii.gz			
none		smith09	lateral-visual	3	both-minus-sham	C1	positive	cluster-extent	true	true	27	27	true	true	true	true	0.0832	false	ok	derivatives/fsl/dual-regression_smith09_denoised.dr/contrasts/component-0003_stat-beta/randomise/network-lateral-visual/task-rest_network-lateral-visual_component-0003_stat-beta_contrast-both-minus-sham_clustere_corrp_tstat1.nii.gz			
none		smith09	lateral-visual	3	both-minus-sham	C2	negative	cluster-extent	true	true	27	27	true	true	true	true	0.5166	false	ok	derivatives/fsl/dual-regression_smith09_denoised.dr/contrasts/component-0003_stat-beta/randomise/network-lateral-visual/task-rest_network-lateral-visual_component-0003_stat-beta_contrast-both-minus-sham_clustere_corrp_tstat2.nii.gz			
none		smith09	lateral-visual	3	both-minus-rtpj	C1	positive	cluster-extent	true	true	27	27	true	true	true	true	0.255	false	ok	derivatives/fsl/dual-regression_smith09_denoised.dr/contrasts/component-0003_stat-beta/randomise/network-lateral-visual/task-rest_network-lateral-visual_component-0003_stat-beta_contrast-both-minus-rtpj_clustere_corrp_tstat1.nii.gz			
none		smith09	lateral-visual	3	both-minus-rtpj	C2	negative	cluster-extent	true	true	27	27	true	true	true	true	0.0556	false	ok	derivatives/fsl/dual-regression_smith09_denoised.dr/contrasts/component-0003_stat-beta/randomise/network-lateral-visual/task-rest_network-lateral-visual_component-0003_stat-beta_contrast-both-minus-rtpj_clustere_corrp_tstat2.nii.gz			
none		smith09	lateral-visual	3	both-minus-vlpfc	C1	positive	cluster-extent	true	true	27	27	true	true	true	true	0.3272	false	ok	derivatives/fsl/dual-regression_smith09_denoised.dr/contrasts/component-0003_stat-beta/randomise/network-lateral-visual/task-rest_network-lateral-visual_component-0003_stat-beta_contrast-both-minus-vlpfc_clustere_corrp_tstat1.nii.gz			
none		smith09	lateral-visual	3	both-minus-vlpfc	C2	negative	cluster-extent	true	true	27	27	true	true	true	true	0.9914	true	ok	derivatives/fsl/dual-regression_smith09_denoised.dr/contrasts/component-0003_stat-beta/randomise/network-lateral-visual/task-rest_network-lateral-visual_component-0003_stat-beta_contrast-both-minus-vlpfc_clustere_corrp_tstat2.nii.gz	derivatives/fsl/randomise_summary/task-rest_space-MNI152NLin6Asym_desc-smith09LateralVisualComp0003BothMinusVlpfcNegativeClusterExtentCorrp_stat-corrp_statmap.nii.gz	derivatives/fsl/randomise_summary/task-rest_space-MNI152NLin6Asym_desc-smith09LateralVisualComp0003BothMinusVlpfcNegativeClusterExtentCorrp_stat-corrp_statmap.json	derivatives/fsl/randomise_summary/task-rest_space-MNI152NLin6Asym_desc-smith09LateralVisualComp0003BothMinusVlpfcNegativeClusterExtentCorrp_stat-stage2Beta_timeseries.tsv
none		smith09	lateral-visual	3	rtpj-minus-vlpfc	C1	positive	cluster-extent	true	true	27	27	true	true	true	true	0.0502	false	ok	derivatives/fsl/dual-regression_smith09_denoised.dr/contrasts/component-0003_stat-beta/randomise/network-lateral-visual/task-rest_network-lateral-visual_component-0003_stat-beta_contrast-rtpj-minus-vlpfc_clustere_corrp_tstat1.nii.gz			
none		smith09	lateral-visual	3	rtpj-minus-vlpfc	C2	negative	cluster-extent	true	true	27	27	true	true	true	true	0.9618	true	ok	derivatives/fsl/dual-regression_smith09_denoised.dr/contrasts/component-0003_stat-beta/randomise/network-lateral-visual/task-rest_network-lateral-visual_component-0003_stat-beta_contrast-rtpj-minus-vlpfc_clustere_corrp_tstat2.nii.gz	derivatives/fsl/randomise_summary/task-rest_space-MNI152NLin6Asym_desc-smith09LateralVisualComp0003RtpjMinusVlpfcNegativeClusterExtentCorrp_stat-corrp_statmap.nii.gz	derivatives/fsl/randomise_summary/task-rest_space-MNI152NLin6Asym_desc-smith09LateralVisualComp0003RtpjMinusVlpfcNegativeClusterExtentCorrp_stat-corrp_statmap.json	derivatives/fsl/randomise_summary/task-rest_space-MNI152NLin6Asym_desc-smith09LateralVisualComp0003RtpjMinusVlpfcNegativeClusterExtentCorrp_stat-stage2Beta_timeseries.tsv
none		smith09	lateral-visual	3	rtpj-minus-sham	C1	positive	cluster-extent	true	true	27	27	true	true	true	true	0.5036	false	ok	derivatives/fsl/dual-regression_smith09_denoised.dr/contrasts/component-0003_stat-beta/randomise/network-lateral-visual/task-rest_network-lateral-visual_component-0003_stat-beta_contrast-rtpj-minus-sham_clustere_corrp_tstat1.nii.gz			
none		smith09	lateral-visual	3	rtpj-minus-sham	C2	negative	cluster-extent	true	true	27	27	true	true	true	true	0.807	false	ok	derivatives/fsl/dual-regression_smith09_denoised.dr/contrasts/component-0003_stat-beta/randomise/network-lateral-visual/task-rest_network-lateral-visual_component-0003_stat-beta_contrast-rtpj-minus-sham_clustere_corrp_tstat2.nii.gz			
none		smith09	lateral-visual	3	vlpfc-minus-sham	C1	positive	cluster-extent	true	true	27	27	true	true	true	true	0.7094	false	ok	derivatives/fsl/dual-regression_smith09_denoised.dr/contrasts/component-0003_stat-beta/randomise/network-lateral-visual/task-rest_network-lateral-visual_component-0003_stat-beta_contrast-vlpfc-minus-sham_clustere_corrp_tstat1.nii.gz			
none		smith09	lateral-visual	3	vlpfc-minus-sham	C2	negative	cluster-extent	true	true	27	27	true	true	true	true	0.535	false	ok	derivatives/fsl/dual-regression_smith09_denoised.dr/contrasts/component-0003_stat-beta/randomise/network-lateral-visual/task-rest_network-lateral-visual_component-0003_stat-beta_contrast-vlpfc-minus-sham_clustere_corrp_tstat2.nii.gz			
none		smith09	lateral-visual	3	both-minus-mean-rtpj-vlpfc	C1	positive	cluster-extent	true	true	27	27	true	true	true	true	0.817	false	ok	derivatives/fsl/dual-regression_smith09_denoised.dr/contrasts/component-0003_stat-beta/randomise/network-lateral-visual/task-rest_network-lateral-visual_component-0003_stat-beta_contrast-both-minus-mean-rtpj-vlpfc_clustere_corrp_tstat1.nii.gz			
none		smith09	lateral-visual	3	both-minus-mean-rtpj-vlpfc	C2	negative	cluster-extent	true	true	27	27	true	true	true	true	0.5362	false	ok	derivatives/fsl/dual-regression_smith09_denoised.dr/contrasts/component-0003_stat-beta/randomise/network-lateral-visual/task-rest_network-lateral-visual_component-0003_stat-beta_contrast-both-minus-mean-rtpj-vlpfc_clustere_corrp_tstat2.nii.gz			
none		smith09	sensorimotor	6	both-minus-sham	C1	positive	cluster-extent	true	true	27	27	true	true	true	true	0.953	true	ok	derivatives/fsl/dual-regression_smith09_denoised.dr/contrasts/component-0006_stat-beta/randomise/network-sensorimotor/task-rest_network-sensorimotor_component-0006_stat-beta_contrast-both-minus-sham_clustere_corrp_tstat1.nii.gz	derivatives/fsl/randomise_summary/task-rest_space-MNI152NLin6Asym_desc-smith09SensorimotorComp0006BothMinusShamPositiveClusterExtentCorrp_stat-corrp_statmap.nii.gz	derivatives/fsl/randomise_summary/task-rest_space-MNI152NLin6Asym_desc-smith09SensorimotorComp0006BothMinusShamPositiveClusterExtentCorrp_stat-corrp_statmap.json	derivatives/fsl/randomise_summary/task-rest_space-MNI152NLin6Asym_desc-smith09SensorimotorComp0006BothMinusShamPositiveClusterExtentCorrp_stat-stage2Beta_timeseries.tsv
none		smith09	sensorimotor	6	both-minus-sham	C2	negative	cluster-extent	true	true	27	27	true	true	true	true	0.4832	false	ok	derivatives/fsl/dual-regression_smith09_denoised.dr/contrasts/component-0006_stat-beta/randomise/network-sensorimotor/task-rest_network-sensorimotor_component-0006_stat-beta_contrast-both-minus-sham_clustere_corrp_tstat2.nii.gz			
none		smith09	sensorimotor	6	both-minus-rtpj	C1	positive	cluster-extent	true	true	27	27	true	true	true	true	0.9796	true	ok	derivatives/fsl/dual-regression_smith09_denoised.dr/contrasts/component-0006_stat-beta/randomise/network-sensorimotor/task-rest_network-sensorimotor_component-0006_stat-beta_contrast-both-minus-rtpj_clustere_corrp_tstat1.nii.gz	derivatives/fsl/randomise_summary/task-rest_space-MNI152NLin6Asym_desc-smith09SensorimotorComp0006BothMinusRtpjPositiveClusterExtentCorrp_stat-corrp_statmap.nii.gz	derivatives/fsl/randomise_summary/task-rest_space-MNI152NLin6Asym_desc-smith09SensorimotorComp0006BothMinusRtpjPositiveClusterExtentCorrp_stat-corrp_statmap.json	derivatives/fsl/randomise_summary/task-rest_space-MNI152NLin6Asym_desc-smith09SensorimotorComp0006BothMinusRtpjPositiveClusterExtentCorrp_stat-stage2Beta_timeseries.tsv
none		smith09	sensorimotor	6	both-minus-rtpj	C2	negative	cluster-extent	true	true	27	27	true	true	true	true	0.0008	false	ok	derivatives/fsl/dual-regression_smith09_denoised.dr/contrasts/component-0006_stat-beta/randomise/network-sensorimotor/task-rest_network-sensorimotor_component-0006_stat-beta_contrast-both-minus-rtpj_clustere_corrp_tstat2.nii.gz			
none		smith09	sensorimotor	6	both-minus-vlpfc	C1	positive	cluster-extent	true	true	27	27	true	true	true	true	0.7906	false	ok	derivatives/fsl/dual-regression_smith09_denoised.dr/contrasts/component-0006_stat-beta/randomise/network-sensorimotor/task-rest_network-sensorimotor_component-0006_stat-beta_contrast-both-minus-vlpfc_clustere_corrp_tstat1.nii.gz			
none		smith09	sensorimotor	6	both-minus-vlpfc	C2	negative	cluster-extent	true	true	27	27	true	true	true	true	0.064	false	ok	derivatives/fsl/dual-regression_smith09_denoised.dr/contrasts/component-0006_stat-beta/randomise/network-sensorimotor/task-rest_network-sensorimotor_component-0006_stat-beta_contrast-both-minus-vlpfc_clustere_corrp_tstat2.nii.gz			
none		smith09	sensorimotor	6	rtpj-minus-vlpfc	C1	positive	cluster-extent	true	true	27	27	true	true	true	true	0.2504	false	ok	derivatives/fsl/dual-regression_smith09_denoised.dr/contrasts/component-0006_stat-beta/randomise/network-sensorimotor/task-rest_network-sensorimotor_component-0006_stat-beta_contrast-rtpj-minus-vlpfc_clustere_corrp_tstat1.nii.gz			
none		smith09	sensorimotor	6	rtpj-minus-vlpfc	C2	negative	cluster-extent	true	true	27	27	true	true	true	true	0.6576	false	ok	derivatives/fsl/dual-regression_smith09_denoised.dr/contrasts/component-0006_stat-beta/randomise/network-sensorimotor/task-rest_network-sensorimotor_component-0006_stat-beta_contrast-rtpj-minus-vlpfc_clustere_corrp_tstat2.nii.gz			
none		smith09	sensorimotor	6	rtpj-minus-sham	C1	positive	cluster-extent	true	true	27	27	true	true	true	true	0.0646	false	ok	derivatives/fsl/dual-regression_smith09_denoised.dr/contrasts/component-0006_stat-beta/randomise/network-sensorimotor/task-rest_network-sensorimotor_component-0006_stat-beta_contrast-rtpj-minus-sham_clustere_corrp_tstat1.nii.gz			
none		smith09	sensorimotor	6	rtpj-minus-sham	C2	negative	cluster-extent	true	true	27	27	true	true	true	true	0.9258	false	ok	derivatives/fsl/dual-regression_smith09_denoised.dr/contrasts/component-0006_stat-beta/randomise/network-sensorimotor/task-rest_network-sensorimotor_component-0006_stat-beta_contrast-rtpj-minus-sham_clustere_corrp_tstat2.nii.gz			
none		smith09	sensorimotor	6	vlpfc-minus-sham	C1	positive	cluster-extent	true	true	27	27	true	true	true	true	0.6626	false	ok	derivatives/fsl/dual-regression_smith09_denoised.dr/contrasts/component-0006_stat-beta/randomise/network-sensorimotor/task-rest_network-sensorimotor_component-0006_stat-beta_contrast-vlpfc-minus-sham_clustere_corrp_tstat1.nii.gz			
none		smith09	sensorimotor	6	vlpfc-minus-sham	C2	negative	cluster-extent	true	true	27	27	true	true	true	true	0.0726	false	ok	derivatives/fsl/dual-regression_smith09_denoised.dr/contrasts/component-0006_stat-beta/randomise/network-sensorimotor/task-rest_network-sensorimotor_component-0006_stat-beta_contrast-vlpfc-minus-sham_clustere_corrp_tstat2.nii.gz			
none		smith09	sensorimotor	6	both-minus-mean-rtpj-vlpfc	C1	positive	cluster-extent	true	true	27	27	true	true	true	true	0.9356	false	ok	derivatives/fsl/dual-regression_smith09_denoised.dr/contrasts/component-0006_stat-beta/randomise/network-sensorimotor/task-rest_network-sensorimotor_component-0006_stat-beta_contrast-both-minus-mean-rtpj-vlpfc_clustere_corrp_tstat1.nii.gz			
none		smith09	sensorimotor	6	both-minus-mean-rtpj-vlpfc	C2	negative	cluster-extent	true	true	27	27	true	true	true	true	0.7882	false	ok	derivatives/fsl/dual-regression_smith09_denoised.dr/contrasts/component-0006_stat-beta/randomise/network-sensorimotor/task-rest_network-sensorimotor_component-0006_stat-beta_contrast-both-minus-mean-rtpj-vlpfc_clustere_corrp_tstat2.nii.gz			
none		smith09	auditory	7	both-minus-sham	C1	positive	cluster-extent	true	true	27	27	true	true	true	true	0.2234	false	ok	derivatives/fsl/dual-regression_smith09_denoised.dr/contrasts/component-0007_stat-beta/randomise/network-auditory/task-rest_network-auditory_component-0007_stat-beta_contrast-both-minus-sham_clustere_corrp_tstat1.nii.gz			
none		smith09	auditory	7	both-minus-sham	C2	negative	cluster-extent	true	true	27	27	true	true	true	true	0.6272	false	ok	derivatives/fsl/dual-regression_smith09_denoised.dr/contrasts/component-0007_stat-beta/randomise/network-auditory/task-rest_network-auditory_component-0007_stat-beta_contrast-both-minus-sham_clustere_corrp_tstat2.nii.gz			
none		smith09	auditory	7	both-minus-rtpj	C1	positive	cluster-extent	true	true	27	27	true	true	true	true	0.0016	false	ok	derivatives/fsl/dual-regression_smith09_denoised.dr/contrasts/component-0007_stat-beta/randomise/network-auditory/task-rest_network-auditory_component-0007_stat-beta_contrast-both-minus-rtpj_clustere_corrp_tstat1.nii.gz			
none		smith09	auditory	7	both-minus-rtpj	C2	negative	cluster-extent	true	true	27	27	true	true	true	true	0.2488	false	ok	derivatives/fsl/dual-regression_smith09_denoised.dr/contrasts/component-0007_stat-beta/randomise/network-auditory/task-rest_network-auditory_component-0007_stat-beta_contrast-both-minus-rtpj_clustere_corrp_tstat2.nii.gz			
none		smith09	auditory	7	both-minus-vlpfc	C1	positive	cluster-extent	true	true	27	27	true	true	true	true	0.0008	false	ok	derivatives/fsl/dual-regression_smith09_denoised.dr/contrasts/component-0007_stat-beta/randomise/network-auditory/task-rest_network-auditory_component-0007_stat-beta_contrast-both-minus-vlpfc_clustere_corrp_tstat1.nii.gz			
none		smith09	auditory	7	both-minus-vlpfc	C2	negative	cluster-extent	true	true	27	27	true	true	true	true	0.6482	false	ok	derivatives/fsl/dual-regression_smith09_denoised.dr/contrasts/component-0007_stat-beta/randomise/network-auditory/task-rest_network-auditory_component-0007_stat-beta_contrast-both-minus-vlpfc_clustere_corrp_tstat2.nii.gz			
none		smith09	auditory	7	rtpj-minus-vlpfc	C1	positive	cluster-extent	true	true	27	27	true	true	true	true	0.072	false	ok	derivatives/fsl/dual-regression_smith09_denoised.dr/contrasts/component-0007_stat-beta/randomise/network-auditory/task-rest_network-auditory_component-0007_stat-beta_contrast-rtpj-minus-vlpfc_clustere_corrp_tstat1.nii.gz			
none		smith09	auditory	7	rtpj-minus-vlpfc	C2	negative	cluster-extent	true	true	27	27	true	true	true	true	0.6714	false	ok	derivatives/fsl/dual-regression_smith09_denoised.dr/contrasts/component-0007_stat-beta/randomise/network-auditory/task-rest_network-auditory_component-0007_stat-beta_contrast-rtpj-minus-vlpfc_clustere_corrp_tstat2.nii.gz			
none		smith09	auditory	7	rtpj-minus-sham	C1	positive	cluster-extent	true	true	27	27	true	true	true	true	0.6478	false	ok	derivatives/fsl/dual-regression_smith09_denoised.dr/contrasts/component-0007_stat-beta/randomise/network-auditory/task-rest_network-auditory_component-0007_stat-beta_contrast-rtpj-minus-sham_clustere_corrp_tstat1.nii.gz			
none		smith09	auditory	7	rtpj-minus-sham	C2	negative	cluster-extent	true	true	27	27	true	true	true	true	0.0486	false	ok	derivatives/fsl/dual-regression_smith09_denoised.dr/contrasts/component-0007_stat-beta/randomise/network-auditory/task-rest_network-auditory_component-0007_stat-beta_contrast-rtpj-minus-sham_clustere_corrp_tstat2.nii.gz			
none		smith09	auditory	7	vlpfc-minus-sham	C1	positive	cluster-extent	true	true	27	27	true	true	true	true	0.2608	false	ok	derivatives/fsl/dual-regression_smith09_denoised.dr/contrasts/component-0007_stat-beta/randomise/network-auditory/task-rest_network-auditory_component-0007_stat-beta_contrast-vlpfc-minus-sham_clustere_corrp_tstat1.nii.gz			
none		smith09	auditory	7	vlpfc-minus-sham	C2	negative	cluster-extent	true	true	27	27	true	true	true	true	0.5216	false	ok	derivatives/fsl/dual-regression_smith09_denoised.dr/contrasts/component-0007_stat-beta/randomise/network-auditory/task-rest_network-auditory_component-0007_stat-beta_contrast-vlpfc-minus-sham_clustere_corrp_tstat2.nii.gz			
none		smith09	auditory	7	both-minus-mean-rtpj-vlpfc	C1	positive	cluster-extent	true	true	27	27	true	true	true	true	0.2474	false	ok	derivatives/fsl/dual-regression_smith09_denoised.dr/contrasts/component-0007_stat-beta/randomise/network-auditory/task-rest_network-auditory_component-0007_stat-beta_contrast-both-minus-mean-rtpj-vlpfc_clustere_corrp_tstat1.nii.gz			
none		smith09	auditory	7	both-minus-mean-rtpj-vlpfc	C2	negative	cluster-extent	true	true	27	27	true	true	true	true	0.6438	false	ok	derivatives/fsl/dual-regression_smith09_denoised.dr/contrasts/component-0007_stat-beta/randomise/network-auditory/task-rest_network-auditory_component-0007_stat-beta_contrast-both-minus-mean-rtpj-vlpfc_clustere_corrp_tstat2.nii.gz			
